證券代號,投標開始日,外資平均增減,投信平均增減,自營商平均增減,融資張數增減,融券張數增減,融資金額增減,道瓊工業_10日漲幅(%),標普500_10日漲幅(%),那斯達克_10日漲幅(%),費城半導體_10日漲幅(%),大盤_10日漲幅(%),大盤_平均成交量,櫃買_10日漲幅(%),櫃買_平均成交量
6026,2016-01-07,-899546606.1666666,-186308838.25,-166101976.41666666,-4103.167,-1123.0,-28022000.0,0.119,0.355,-0.406,0.392,-3.912,1525180.0,-4.155,308260.0
6510,2016-03-04,5391354043.2,-8758437.6,-551976710.2,-5758.4,-850.2,4465200.0,4.129,4.366,5.718,8.104,3.573,1995680.0,0.241,376760.0
2739,2016-04-28,4244202251.818182,-182445499.45454547,-367733378.3636364,-17149.545,3744.818,-257298545.455,2.277,1.963,0.93,-0.892,-1.207,1477040.0,-1.768,347330.0
6531,2016-05-11,-5433881234.090909,-131395874.0909091,243123575.0909091,-17503.727,2873.636,-393020090.909,-1.461,-1.647,-3.466,-4.713,-4.956,1533020.0,-4.49,290700.0
6523,2016-05-26,-4176549878.3333335,222251615.66666663,601008904.9166666,-12665.583,2259.333,-410514333.333,-1.396,-0.442,0.625,5.013,3.554,1535790.0,6.16,282600.0
6446,2016-06-29,476803584.7272728,-169409461.0909091,-595591291.0909091,875.182,-4731.455,10503818.182,-1.871,-2.003,-2.897,-2.879,-1.172,1620120.0,-0.409,309720.0
4552,2016-06-30,577167868.25,-151170734.08333334,-510976834.9166667,2627.75,-4926.167,52943416.667,-3.34,-3.777,-5.239,-6.773,1.088,1652280.0,0.544,312790.0
6499,2016-07-06,3905944168.2,204304320.6,-374745303.8,-6687.1,-4695.4,-22932200.0,1.442,1.334,0.882,0.374,-0.002,1733090.0,-0.077,329890.0
8415,2016-08-18,4387663991.615385,-227838297.2307692,-1002418099.9230767,2488.462,5229.154,155109230.769,1.106,0.761,1.935,3.086,1.03,1883780.0,-1.692,417750.0
6542,2016-08-19,4770939592.307693,-219667045.4615385,-1193921958.7692308,2962.846,6028.692,148567153.846,0.801,0.337,0.828,2.16,0.334,1897730.0,-1.487,405230.0
8473,2016-08-19,4770939592.307693,-219667045.4615385,-1193921958.7692308,2962.846,6028.692,148567153.846,0.801,0.337,0.828,2.16,0.334,1897730.0,-1.487,405230.0
6548,2016-08-25,3443100052.769231,-373074781.6923077,-656271871.5384616,5334.462,4723.154,113133076.923,-0.076,-0.011,0.45,3.038,-1.253,1784850.0,-0.315,358820.0
1598,2016-08-30,1863677496.1818185,-319396381.90909094,-84912749.72727273,18353.909,5871.364,240796818.182,-0.689,-0.53,-0.395,2.261,-0.002,1702220.0,-0.513,347280.0
6535,2016-09-05,27604461.454545453,-286256962.54545456,365951269.9090909,17139.909,-268.727,243366545.455,-0.959,-0.739,-0.247,2.303,0.064,1744960.0,-0.535,374040.0
8279,2016-09-05,27604461.454545453,-286256962.54545456,365951269.9090909,17139.909,-268.727,243366545.455,-0.959,-0.739,-0.247,2.303,0.064,1744960.0,-0.535,374040.0
4438,2016-09-27,-1690161433.6,-60958010.5,-773262568.3,-2480.3,-2302.3,-101978100.0,0.368,0.84,2.449,3.771,0.323,1584080.0,-0.463,320660.0
2633,2016-10-06,3560754769.7,-13606078.5,-750857455.4,6456.2,2887.3,58321400.0,0.738,1.032,1.258,3.291,1.208,1491360.0,1.0,329480.0
8466,2016-10-12,1652512192.4285717,-167247093.2857143,-105327006.0,-168.857,757.714,77201142.857,-0.115,-0.506,-0.252,4.031,-0.698,1535190.0,-2.808,350050.0
4943,2016-10-24,642576746.75,42550186.625,70528525.875,-14270.75,2549.0,-468117125.0,-0.581,-0.899,-1.225,-2.609,0.44,1553120.0,-2.636,310530.0
6554,2016-11-22,-8267380010.636364,142409930.36363637,354443154.45454544,-7553.182,1391.909,-132035272.727,5.677,4.889,5.699,7.966,-1.913,1976610.0,-0.452,295440.0
8488,2016-11-23,-7760200879.5,170483382.25,528335631.9166667,-8989.75,2170.75,-126564333.333,5.476,4.638,5.452,8.687,2.127,2056500.0,4.03,299440.0
3346,2016-11-29,-6268137738.545455,167435332.54545453,808023846.6363636,17042.727,5381.818,230797727.273,1.25,1.861,2.741,6.219,3.261,1893960.0,2.5,247790.0
6569,2016-12-01,-4960587050.461538,181544144.84615383,760677847.3846154,19154.538,6086.615,239930230.769,1.328,1.722,2.515,5.973,2.729,1956680.0,2.571,251700.0
6568,2016-12-08,-634019887.9230769,196661951.92307693,521142025.0769231,23903.231,3172.692,258008461.538,1.846,1.045,-0.237,-1.662,1.221,1880800.0,1.065,256290.0
5258,2016-12-12,745952261.8181819,143883654.0909091,-6773746.909090909,30675.727,3436.636,338564090.909,2.416,1.484,0.342,0.531,1.848,1892700.0,1.354,294660.0
2939,2017-12-21,-3577695837.0,-96639096.6153846,-945463829.5384616,1577.462,-3674.846,-141399615.385,2.067,1.922,3.238,4.077,1.436,2349260.0,3.428,504930.0
6616,2017-12-20,-3432240659.9166665,-169011790.25,-1093463120.3333333,1271.5,-4095.583,-141034583.333,1.489,1.378,2.379,1.876,0.706,2435940.0,1.569,524000.0
6596,2017-12-14,-6063384745.230769,-574629523.3846154,-1086425633.2307692,9089.0,-4880.231,102133307.692,3.415,2.251,-0.05,-5.934,-0.85,2997540.0,-2.522,586910.0
4764,2017-12-14,-6063384745.230769,-574629523.3846154,-1086425633.2307692,9089.0,-4880.231,102133307.692,3.415,2.251,-0.05,-5.934,-0.85,2997540.0,-2.522,586910.0
6613,2017-12-08,-3500806925.0,-543290817.1538461,-491857042.4615384,20561.462,-886.385,439648769.231,3.202,1.837,-0.42,-7.129,-4.591,3194130.0,-5.406,613420.0
6570,2017-11-21,-1808100849.090909,-78341634.72727273,64998279.45454545,1842.909,5686.909,19007272.727,-0.343,-0.085,0.426,1.011,-1.622,2547960.0,0.948,670080.0
8478,2017-11-21,-1808100849.090909,-78341634.72727273,64998279.45454545,1842.909,5686.909,19007272.727,-0.343,-0.085,0.426,1.011,-1.622,2547960.0,0.948,670080.0
4155,2017-11-15,-829643209.0833334,-82591665.83333333,82484099.41666667,4243.417,4117.583,67499000.0,-0.051,0.048,0.741,3.127,-1.103,2539330.0,-0.041,676300.0
8499,2017-11-06,143339262.44444445,36583786.333333336,715224674.3333334,3715.0,1203.889,190696888.889,1.525,0.693,1.663,4.268,0.611,2364500.0,0.668,629990.0
8342,2017-11-03,1121651209.6,59175789.8,1075544398.6,-988.7,1920.4,105918100.0,1.831,0.689,1.565,4.132,0.556,2374540.0,1.167,632120.0
6593,2017-10-16,1819702454.7777777,77930128.1111111,422398440.0,7524.444,918.889,288564333.333,2.054,1.628,2.139,4.253,3.848,2098230.0,3.509,527140.0
6556,2017-10-11,-2537534323.7,16882928.8,-11920240.7,-15987.4,364.4,-116079300.0,1.897,1.883,2.54,3.641,0.796,2085240.0,0.584,539260.0
2243,2017-09-07,640942136.7692307,-131609035.92307691,125490820.53846154,27562.0,10437.462,778940923.077,1.444,2.103,3.52,4.427,0.562,2798150.0,2.899,676930.0
1268,2017-09-07,640942136.7692307,-131609035.92307691,125490820.53846154,27562.0,10437.462,778940923.077,1.444,2.103,3.52,4.427,0.562,2798150.0,2.899,676930.0
6441,2017-09-07,640942136.7692307,-131609035.92307691,125490820.53846154,27562.0,10437.462,778940923.077,1.444,2.103,3.52,4.427,0.562,2798150.0,2.899,676930.0
6573,2017-09-06,720604174.5833334,-105291135.83333331,98027153.0,26814.083,11018.083,742291000.0,1.262,1.901,3.412,3.957,2.028,2763160.0,3.794,653590.0
4741,2017-09-06,720604174.5833334,-105291135.83333331,98027153.0,26814.083,11018.083,742291000.0,1.262,1.901,3.412,3.957,2.028,2763160.0,3.794,653590.0
6574,2017-08-15,-2009189364.1818185,-289287067.54545456,-455744735.54545456,-5523.727,-4759.455,103282727.273,0.063,-1.371,-2.476,-3.016,-2.031,2531040.0,-5.736,565530.0
4562,2017-08-01,-355386655.1818182,-547349603.8181819,-104649340.27272728,2023.182,4957.091,132892454.545,0.771,0.662,1.073,-0.207,-0.515,2106600.0,0.855,480320.0
6579,2017-08-01,-355386655.1818182,-547349603.8181819,-104649340.27272728,2023.182,4957.091,132892454.545,0.771,0.662,1.073,-0.207,-0.515,2106600.0,0.855,480320.0
4807,2017-06-06,1341502158.4,-275339116.6,1422128256.3,-11012.9,-649.4,36877700.0,1.631,2.029,2.681,2.996,2.807,1992610.0,4.316,424160.0
6582,2017-05-24,1904399199.3636365,202569916.1818182,261539636.45454547,-12702.636,1554.364,-50090636.364,-0.962,-0.732,-0.28,4.92,0.396,1878350.0,1.601,430100.0
4148,2017-05-18,4123783457.5833335,299542802.0,-283324374.0833333,-9101.917,6305.333,-103797833.333,0.198,0.76,1.688,5.521,0.462,1957150.0,-0.675,451020.0
2937,2017-05-18,4123783457.5833335,299542802.0,-283324374.0833333,-9101.917,6305.333,-103797833.333,0.198,0.76,1.688,5.521,0.462,1957150.0,-0.675,451020.0
6497,2017-05-10,5858074614.181818,8141483.181818182,-441772061.54545456,-1271.545,10044.818,-30861818.182,1.171,1.059,1.954,0.321,0.75,1986150.0,-1.354,451750.0
2897,2017-04-14,2993958788.6363635,-382996487.3636364,124217490.36363636,-6239.545,-17465.818,20704545.455,0.488,0.521,0.452,-2.248,-0.199,2331790.0,-1.253,569560.0
8489,2017-04-07,5635427274.090909,-231658487.1818182,-163977333.36363637,-1920.909,-13285.636,198788090.909,-1.036,-0.561,-0.049,-1.167,-0.251,2378340.0,-0.945,581520.0
6438,2017-04-05,6559899710.3,-197224718.5,-531313008.1,-475.1,-10670.1,162524600.0,-1.202,-0.653,0.182,0.677,-1.023,2346930.0,-1.852,589470.0
6492,2017-03-31,7027746791.333333,-166161509.0,-426020589.4166667,-2493.167,-9567.083,110115000.0,-0.862,-0.628,-0.011,0.959,-0.611,2379660.0,-1.679,598750.0
2065,2017-03-30,7413808676.636364,-207190980.63636363,-582124267.0909091,-4714.091,-9249.273,63460000.0,-1.684,-1.307,-0.364,1.413,0.187,2360270.0,-0.926,596150.0
6472,2017-03-28,6658696671.777778,-112385241.0,-272095670.0,7532.444,-5853.889,280397555.556,-1.179,-1.123,-0.751,0.496,1.36,2278340.0,0.17,585320.0
6577,2017-03-01,4567261134.875,-359569199.25,172938211.5,6781.375,-4667.25,531270000.0,2.725,2.212,1.939,1.079,0.413,2579600.0,2.417,552190.0
6533,2017-02-20,5607418972.5,-134315613.83333334,365696574.8333333,19607.833,-2745.0,613729166.667,3.696,2.91,3.171,1.268,2.325,2809580.0,3.345,565470.0
6560,2017-01-04,-1617472925.1818182,-55829531.09090909,-173349028.27272728,3045.909,-2011.182,91164090.909,-0.119,-0.39,-0.093,2.259,0.33,1218260.0,1.286,293600.0
8480,2016-12-27,-985550424.5454544,-77007382.27272727,-291388949.6363636,2964.909,-5194.182,239141272.727,0.82,0.063,0.054,3.423,-2.895,1486920.0,-0.502,314240.0
4538,2018-12-24,-4961373621.25,-222059394.66666663,-1170681325.9166667,10112.167,4627.417,105259750.0,-6.271,-6.291,-6.325,-3.465,0.302,1841570.0,0.226,344600.0
4967,2018-12-22,-5286161896.384615,-258203502.53846157,-1124131781.3846154,10008.462,6497.692,226406615.385,-6.51,-7.01,-7.671,-6.268,0.302,1841570.0,0.226,344600.0
6590,2018-12-05,267282750.66666663,200065916.8333333,143131369.5,10290.667,-9582.167,96886083.333,0.493,0.873,1.141,1.595,3.511,2255390.0,7.43,463080.0
1341,2018-12-05,267282750.66666663,200065916.8333333,143131369.5,10290.667,-9582.167,96886083.333,0.493,0.873,1.141,1.595,3.511,2255390.0,7.43,463080.0
6670,2018-11-28,-167398705.25,-21666438.25,-619617255.25,5562.75,4993.917,52716500.0,-6.554,-5.338,-6.317,-4.053,-0.135,1755040.0,4.256,330440.0
2070,2018-11-27,-649064793.9090909,-18865200.181818184,-623665163.0909091,4143.0,3744.273,66655909.091,-5.866,-4.713,-5.868,-4.013,-0.107,1755730.0,2.35,319090.0
6668,2018-11-22,393437519.1538461,22875810.07692308,-666822816.9230769,4173.308,2867.692,-57296000.0,-1.003,-1.187,-4.465,-5.338,-2.049,1789260.0,1.8,319980.0
6671,2018-11-21,1011999476.8333334,15947256.416666666,-656706407.3333334,1434.167,3000.75,-113796500.0,0.563,0.485,-1.483,-1.535,-1.659,1810400.0,0.758,312190.0
6558,2018-11-15,1493717932.3076923,-24325606.384615384,-815860750.0769231,-1295.769,7369.0,-516684461.538,2.831,2.54,0.47,1.864,-0.537,1895050.0,1.242,370310.0
4766,2018-11-08,-1228106471.4166667,-324798320.3333333,-647807312.6666666,-22747.0,7434.75,-833119416.667,0.068,-1.065,-1.613,0.217,4.071,2030550.0,6.656,365200.0
6674,2018-11-08,-1228106471.4166667,-324798320.3333333,-647807312.6666666,-22747.0,7434.75,-833119416.667,0.068,-1.065,-1.613,0.217,4.071,2030550.0,6.656,365200.0
6655,2018-11-08,-1228106471.4166667,-324798320.3333333,-647807312.6666666,-22747.0,7434.75,-833119416.667,0.068,-1.065,-1.613,0.217,4.071,2030550.0,6.656,365200.0
3178,2018-10-30,-7272181366.8,-353068787.9,-799472943.1,-25473.7,10127.2,-834902100.0,-1.403,-2.225,-2.382,-6.411,-4.657,1959450.0,-6.266,309550.0
6667,2018-10-24,-9261971959.5,-94874191.7,-81162142.8,-79289.1,5242.0,-2059077400.0,-3.791,-4.082,-4.358,-6.832,-6.608,2218210.0,-5.618,350260.0
4767,2018-10-08,1689838868.6,-179874430.1,30631787.3,-7979.1,1107.7,-244464200.0,-0.111,-0.994,-1.852,-2.919,-4.149,2041870.0,-5.458,346750.0
6654,2018-10-02,6015153222.6,359287828.2,688886841.2,-13182.9,4690.0,-207467500.0,1.45,0.872,1.851,0.029,2.061,2003730.0,0.425,340740.0
6640,2018-10-02,6015153222.6,359287828.2,688886841.2,-13182.9,4690.0,-207467500.0,1.45,0.872,1.851,0.029,2.061,2003730.0,0.425,340740.0
5876,2018-09-28,4259829498.6666665,196266201.75,487881829.6666667,-25232.833,4404.167,-752235583.333,2.007,0.958,0.439,0.215,2.862,2007820.0,1.1,361270.0
4961,2018-09-26,4240694892.818182,49224582.90909091,88170307.54545455,-34328.091,5025.273,-1127638909.091,3.428,1.826,0.793,0.534,2.107,2017040.0,0.998,380840.0
4568,2018-09-12,3163043650.5,5161657.083333333,-939009015.9166666,-25574.167,2264.167,-758469666.667,0.489,-0.105,-0.547,-1.098,-3.129,2049960.0,-6.437,389490.0
6641,2018-09-03,3348040332.454545,725774826.6363636,-847653117.9090909,-2672.364,3254.0,-323311090.909,1.675,2.128,3.61,4.507,3.41,1920760.0,2.734,369300.0
6578,2018-08-29,270457913.3333333,430419293.75,-1360370129.4166667,-19774.333,2931.083,-949826333.333,1.885,1.462,1.363,1.556,2.546,2025560.0,-0.33,379500.0
6664,2018-08-21,-801546090.8181819,205955639.54545453,-1295937122.1818182,-17297.909,2738.545,-735260909.091,0.378,0.012,-0.07,-3.514,-2.589,2236700.0,-8.001,441410.0
8367,2018-08-21,-801546090.8181819,205955639.54545453,-1295937122.1818182,-17297.909,2738.545,-735260909.091,0.378,0.012,-0.07,-3.514,-2.589,2236700.0,-8.001,441410.0
4540,2018-07-26,1531166920.6923077,445992672.9230769,330149021.5384616,-14381.0,3134.923,-213231461.538,1.08,0.819,1.105,0.247,2.118,2113080.0,0.213,470020.0
8482,2018-07-26,1531166920.6923077,445992672.9230769,330149021.5384616,-14381.0,3134.923,-213231461.538,1.08,0.819,1.105,0.247,2.118,2113080.0,0.213,470020.0
1240,2018-07-19,-2096447937.4166667,398514863.6666667,-180913367.3333333,-16776.667,558.917,-308750833.333,3.267,2.945,3.934,1.944,2.174,2208100.0,2.757,507610.0
6612,2018-06-28,-7766021686.583333,-206712666.41666663,-410245752.0,-3446.917,-6176.833,255335333.333,-4.224,-2.334,-1.67,-5.745,-4.226,2879380.0,-2.572,620730.0
3530,2018-06-26,-7822068527.8,-201892908.9,-291263141.7,1994.6,-5651.5,456835800.0,-3.399,-1.159,0.692,-1.986,-3.254,2959220.0,-2.985,675730.0
4744,2018-06-22,-2788389778.1666665,-18048624.33333333,249294296.5,6522.917,-1261.833,517629250.0,-0.402,0.502,1.149,-2.585,-2.761,3096270.0,-2.059,706950.0
4563,2018-06-22,-2788389778.1666665,-18048624.33333333,249294296.5,6522.917,-1261.833,517629250.0,-0.402,0.502,1.149,-2.585,-2.761,3096270.0,-2.059,706950.0
8028,2018-06-20,-187944870.8181818,-1287420.181818182,545646843.3636364,14937.636,3027.818,753341818.182,1.115,1.194,1.839,-0.044,-1.765,3144270.0,-1.544,728450.0
5223,2018-06-11,490068330.6363636,-61850786.0,400392315.6363636,13097.182,1612.727,555056181.818,1.732,1.562,2.837,3.309,1.535,3081020.0,1.578,760770.0
6576,2018-06-08,-10689644.923076924,-117791720.07692309,103869807.84615384,13571.154,3366.538,529705153.846,-0.853,0.578,3.298,5.089,2.828,3009500.0,2.989,748210.0
4989,2018-06-07,-756670623.5384616,-237247400.69230768,-95580000.6153846,13660.231,2346.923,526188846.154,0.399,1.25,3.428,5.759,2.422,2877190.0,3.622,730730.0
4561,2018-05-22,1486323148.4,-117520561.2,-204091306.7,12578.6,4063.9,384716100.0,1.861,2.129,2.397,5.255,2.57,2556220.0,2.765,542610.0
6561,2018-05-16,-271979506.45454544,197078286.72727272,-145307627.36363637,5780.545,7238.818,24784636.364,2.139,2.165,3.976,7.34,2.41,2356080.0,1.808,501170.0
3147,2018-05-09,-7003307568.636364,39788574.72727273,-507365022.27272725,-16457.0,5417.0,-249116636.364,-0.819,-0.252,0.888,2.038,1.058,2274070.0,0.479,453780.0
6288,2018-04-18,-2050037484.0,-6185700.3,-266033053.7,11115.7,-4701.4,395455300.0,3.028,2.882,3.443,4.103,-0.878,2426310.0,-1.093,573700.0
5220,2018-04-03,-2176665892.833333,-342058562.75,-1650904769.25,5658.333,-15859.0,265655916.667,-4.402,-5.342,-7.121,-8.627,-1.113,2256850.0,0.123,538060.0
1587,2018-03-23,865020174.2727273,-114392464.72727272,112220314.36363636,15342.455,-7885.909,423568181.818,-0.593,-0.147,0.458,2.154,1.298,2454280.0,1.858,542190.0
6416,2018-03-23,865020174.2727273,-114392464.72727272,112220314.36363636,15342.455,-7885.909,423568181.818,-0.593,-0.147,0.458,2.154,1.298,2454280.0,1.858,542190.0
2745,2018-03-23,865020174.2727273,-114392464.72727272,112220314.36363636,15342.455,-7885.909,423568181.818,-0.593,-0.147,0.458,2.154,1.298,2454280.0,1.858,542190.0
6547,2018-03-26,1423988383.0,-130129095.6,-509179074.1,14129.7,-4830.0,360111300.0,-3.765,-3.479,-3.517,-2.359,-1.625,2470380.0,-1.064,540070.0
5864,2018-03-14,2507944315.4,92580874.2,680935009.4,10565.6,-5181.0,142165400.0,-1.453,0.251,1.878,3.687,2.59,2374400.0,3.35,490370.0
8440,2018-03-08,-4460782720.833333,120350561.5,-1077526175.3333333,29182.833,-4041.833,663996166.667,-1.366,-0.413,1.26,4.365,0.288,2363260.0,2.132,452950.0
6461,2018-03-08,-4460782720.833333,120350561.5,-1077526175.3333333,29182.833,-4041.833,663996166.667,-1.366,-0.413,1.26,4.365,0.288,2363260.0,2.132,452950.0
8497,2018-03-05,-645644263.0,445871707.25,-720312895.0,44348.5,17103.5,812189750.0,-2.347,-1.96,-1.046,1.299,1.611,2498610.0,3.27,425900.0
2630,2018-01-29,5134735073.9,-213133429.0,669888768.7,-12188.2,-126.9,194667600.0,2.285,1.903,2.067,1.174,1.741,3063800.0,0.692,607640.0
6625,2018-01-18,2739073733.6666665,387224824.8333333,1381089644.1666667,1758.083,3649.417,163773333.333,3.944,3.354,3.627,2.671,1.44,3007120.0,0.066,618640.0
4566,2018-01-16,2676207763.1,380492553.6,1143350018.4,3042.0,4246.8,141839500.0,3.024,2.662,2.924,2.069,2.293,2913060.0,1.763,634020.0
6581,2018-01-10,3759349817.363637,175382905.45454547,575728295.6363636,8849.636,1743.182,130851818.182,2.189,2.229,2.537,4.291,4.73,2637410.0,4.112,643200.0
1760,2018-01-03,250211440.0909091,230668837.63636363,-389299273.1818182,8244.0,-1456.545,34353727.273,0.754,0.438,0.196,1.232,2.325,2159320.0,2.143,533790.0
5299,2018-01-03,250211440.0909091,230668837.63636363,-389299273.1818182,8244.0,-1456.545,34353727.273,0.754,0.438,0.196,1.232,2.325,2159320.0,2.143,533790.0
1796,2018-01-02,-380830991.4,181682660.1,-451212137.8,7940.0,-1534.0,38440700.0,0.754,0.438,0.196,1.232,1.298,2107860.0,1.866,524010.0
6615,2018-01-02,-380830991.4,181682660.1,-451212137.8,7940.0,-1534.0,38440700.0,0.754,0.438,0.196,1.232,1.298,2107860.0,1.866,524010.0
4580,2019-12-16,1748412191.2727273,-471992.4545454545,57005943.63636363,1054.727,-10730.909,119875818.182,0.287,0.878,0.598,5.244,3.694,1370530.0,1.824,279060.0
6697,2019-12-06,274973987.38461536,150891430.69230768,-641525824.8461539,-5925.615,-17534.846,69188230.769,-1.903,-0.923,-0.343,-4.202,0.241,1770130.0,1.769,339270.0
6527,2019-12-05,807784518.8461539,143035300.07692307,-595309682.0769231,-8326.308,-16575.308,11180615.385,-0.792,-0.211,0.318,-2.936,-0.414,1956250.0,0.979,379990.0
6706,2019-11-29,1548525155.3076923,159306657.30769232,-316280875.2307692,-11518.615,-9431.692,-123789000.0,1.554,1.733,2.17,-0.251,0.794,2144600.0,1.562,400660.0
6715,2019-11-22,5105709278.692307,144799742.23076922,216007321.92307693,-20073.154,-7059.154,-95075076.923,1.718,1.361,1.63,0.207,-0.184,2082570.0,-0.935,346890.0
6592,2019-11-19,5425641743.636364,-8749773.181818182,647706837.6363636,-8897.0,3208.091,-29997000.0,1.589,0.969,1.104,2.228,-0.38,2251710.0,-2.082,331670.0
4439,2019-11-15,6040509494.769231,-109200534.6923077,312339456.84615386,-3684.385,1488.692,78246692.308,2.218,1.725,1.923,3.27,0.446,2242640.0,-1.874,342030.0
6698,2019-11-05,8051986875.222222,-117861376.1111111,-290869700.5555556,-5694.333,4675.333,119726444.444,1.031,1.72,2.507,3.844,2.534,2125620.0,1.693,448750.0
6690,2019-10-08,826907414.6666666,-20593282.666666668,-1801069820.3333333,23699.0,-9758.778,488221555.556,-2.725,-2.722,-3.023,-1.103,0.147,1882650.0,-0.988,354650.0
6491,2019-09-17,6463616493.1,158726727.9,331362527.8,2923.5,17698.9,76680000.0,2.951,2.84,2.908,7.035,2.638,2274120.0,1.299,426040.0
2752,2019-09-04,-1607891072.1818182,355653646.54545456,309614937.3636364,15236.545,1842.909,240642363.636,1.84,1.243,0.98,1.12,0.308,2127190.0,0.504,441780.0
6642,2019-09-02,-4701125765.4,329902068.3,11546797.9,21618.7,1077.8,286725600.0,3.061,2.703,2.662,3.928,1.233,2184090.0,0.501,442120.0
4571,2019-08-27,-4354941451.1,458989412.9,139039523.5,8456.6,4878.8,139678700.0,-0.134,0.147,0.405,3.272,-0.078,2284490.0,-0.308,420370.0
4931,2019-08-27,-4354941451.1,458989412.9,139039523.5,8456.6,4878.8,139678700.0,-0.134,0.147,0.405,3.272,-0.078,2284490.0,-0.308,420370.0
6680,2019-08-26,-4095507712.6,577025453.8,-106501684.0,9806.1,4394.3,184464500.0,-0.477,-0.515,-0.594,1.408,0.628,2319050.0,0.661,419970.0
4572,2019-08-21,-7954139766.181818,158146199.63636363,-174527369.0,-30079.364,-24048.455,-109614545.455,-2.262,-1.479,-1.35,-0.617,1.229,2345320.0,1.386,384790.0
4576,2019-08-15,-7707364080.166667,62044227.833333336,-562667716.6666666,-25343.417,-25439.333,-52296833.333,-4.766,-4.731,-5.604,-9.215,-3.659,2371760.0,-3.236,363490.0
6589,2019-06-10,-3981992910.6,56774105.9,-433341722.7,2885.9,1964.4,-10144700.0,0.903,0.753,-0.167,3.046,0.783,1909550.0,-0.03,281570.0
6629,2019-05-17,-5040011584.25,-314717322.0,880011081.5,-42423.667,-30419.833,-564157333.333,-3.989,-3.782,-4.458,-7.284,-5.603,2105150.0,-5.468,433630.0
6649,2019-05-16,-4443061373.166667,-407583777.3333333,812466470.25,-47828.25,-31991.083,-618851833.333,-4.63,-4.457,-6.308,-8.773,-4.033,2072550.0,-3.311,429950.0
6624,2019-05-08,6383600.636363637,-357410665.72727275,25686419.545454547,-11248.273,-11063.273,40335818.182,-0.023,1.295,1.856,0.796,-0.35,2025710.0,-1.485,411910.0
5283,2019-05-06,1097254215.0,-443814539.6666667,-207228301.2222222,997.444,5180.111,178041333.333,-0.948,0.43,,0.159,1.165,2048850.0,-0.147,437730.0
6679,2019-04-18,4096517128.636364,8985448.909090908,2165641733.7272725,6840.364,-4192.727,95996454.545,1.759,2.511,3.192,6.471,2.871,2459820.0,1.947,541070.0
6516,2019-04-15,3665005301.0,-5669748.888888889,2213676377.888889,-1145.0,-19970.778,37804666.667,1.655,2.589,3.627,7.444,2.553,2373180.0,1.705,523870.0
6683,2019-04-01,2163082868.0,60586807.6,-32817599.4,14757.8,-4808.9,191102200.0,0.029,0.248,0.501,1.533,1.221,2164210.0,1.24,480920.0
6672,2019-03-26,3568389801.0,292763176.0,589856219.8888888,18422.0,6045.222,372982222.222,2.013,4.076,5.815,9.378,1.316,2224080.0,0.592,489110.0
6669,2019-03-07,2583821468.1666665,-392700194.1666667,220443043.0,8132.667,3816.333,383381666.667,-0.246,0.62,1.407,0.893,2.018,2152760.0,1.437,450990.0
6662,2019-03-06,4506090551.0,-400996967.8,551466644.8,-4506.8,6889.0,174690800.0,0.553,1.012,1.645,0.884,1.577,2157370.0,1.361,456840.0
4760,2019-02-27,6162126552.8,65471019.0,1144466207.2,6383.2,5013.0,127778000.0,3.686,3.131,3.142,4.788,2.983,2174870.0,1.723,509170.0
4564,2019-02-13,6794932344.2,143766651.6,725063133.6,-48743.0,-2816.6,-802614400.0,2.357,2.422,2.999,3.828,2.107,1740980.0,4.623,367640.0
6418,2019-01-18,311723351.3333333,187049928.16666663,1491340284.3333333,-10673.917,-3292.417,-199938416.667,3.081,3.995,5.369,2.723,4.334,1699360.0,2.984,397370.0
6643,2019-01-03,-1730428339.75,26256644.58333333,-1271316119.3333333,-3558.167,3358.5,-153527166.667,-2.249,-2.365,-2.505,-1.298,-1.694,1575300.0,-2.272,302780.0
6425,2018-12-27,-3387865894.285714,-146219726.7142857,-1013810574.2142856,3313.714,4410.0,-19092285.714,-8.098,-8.382,-9.793,-6.209,-3.852,1706160.0,-4.202,337890.0
8104,2018-12-26,-3266134159.6923075,-121986381.07692309,-957593151.7692308,6869.769,4840.692,30388692.308,-8.098,-8.382,-9.793,-6.209,-2.948,1762210.0,-0.417,339030.0
6712,2020-12-18,-2573578061.3076925,426917258.38461536,-1610522453.2307692,36643.231,5085.231,1006945461.538,1.259,0.878,1.942,2.401,0.895,6163850.0,-0.316,911990.0
6751,2020-12-07,-4585992118.272727,-360243946.72727275,438474035.6363636,29493.636,11271.0,1115992909.091,1.649,2.369,3.969,5.678,1.833,5774950.0,4.189,912140.0
6728,2020-12-07,-4585992118.272727,-360243946.72727275,438474035.6363636,29493.636,11271.0,1115992909.091,1.649,2.369,3.969,5.678,1.833,5774950.0,4.189,912140.0
6756,2020-12-04,1164794413.0769231,-296820273.2307692,758225291.2307693,30770.538,11686.846,959292923.077,-0.422,0.98,3.614,5.397,1.9,5476630.0,4.913,896750.0
6762,2020-11-30,5402079238.545455,-403253266.0,630264083.0,27289.545,10525.182,606730363.636,2.725,2.619,3.286,4.915,2.326,4418550.0,4.006,824580.0
2755,2020-11-26,8768857926.692308,-251711403.69230768,1311402901.3076923,19351.769,7126.077,358946076.923,4.476,1.942,-0.123,2.609,3.911,4218700.0,3.803,796260.0
6743,2020-11-24,9808646238.90909,-226804900.1818182,1347495731.2727273,21549.364,7379.0,347883727.273,4.095,2.064,0.08,1.619,6.087,4175390.0,4.435,758540.0
3138,2020-11-23,11612982521.181818,-211278793.1818182,1396288027.3636365,18653.0,9782.182,190955727.273,3.85,2.035,0.116,3.257,4.487,4100770.0,1.939,752310.0
6752,2020-11-20,12001589269.153849,-76827844.84615384,1263822746.5384614,11963.923,6365.0,72851384.615,10.616,9.041,8.594,12.782,5.773,4035340.0,2.81,738520.0
6727,2020-11-11,1618980797.5833333,-270760545.9166667,-570547197.0833334,6855.0,2918.5,74985250.0,-0.043,1.271,3.004,7.162,2.251,3518370.0,1.172,551400.0
1342,2020-11-04,-3161626742.454545,-447039271.6363636,-2092554240.4545453,13670.182,1735.636,273430636.364,-7.358,-6.138,-6.511,-6.401,-1.097,3572240.0,-2.036,473680.0
4945,2020-11-02,-1719492094.7777777,-448647866.2222222,-1744456627.3333333,19544.778,6108.111,465969000.0,-6.44,-4.973,-4.51,-5.287,-2.804,3541970.0,-1.997,471030.0
7556,2020-10-12,-1936428389.0,3875787.125,-231486890.125,-24960.25,7847.875,-336985500.0,6.004,6.168,7.015,9.721,2.41,3313140.0,-0.121,502530.0
6703,2020-09-25,-785366061.5384616,-485932748.5384616,-2856269276.5384617,7217.692,15231.692,136692230.769,-0.773,-0.488,1.069,3.398,-3.247,3764790.0,-1.438,659150.0
2247,2020-09-17,-1980794211.4615383,-34063185.538461536,-759175739.8461539,13790.077,4311.308,488770307.692,-2.305,-3.548,-5.463,-3.639,1.715,4469000.0,0.131,745760.0
8089,2020-09-03,-1551816518.5384614,228232363.53846157,-759984251.7692307,22054.923,-9100.692,245590230.769,1.787,3.779,6.862,2.709,2.725,4213450.0,6.929,735560.0
2754,2020-08-28,11754856.923076924,4646127.076923077,-1046177740.0,9934.692,-11822.308,-134687846.154,1.644,2.474,4.541,2.912,0.014,4207840.0,1.073,707200.0
2241,2020-08-06,-3502109328.5384617,643888371.7692307,-1579454474.3846154,26057.462,-2479.692,870664230.769,-0.028,2.167,3.805,5.233,3.136,3582600.0,0.463,752980.0
6754,2020-08-05,-4261141951.5,630708503.9166666,-1816420116.3333333,25608.833,-1571.333,879280250.0,-0.913,1.439,2.305,3.259,1.897,3533280.0,-0.865,758270.0
6588,2020-06-09,808316138.9090909,836016802.1818181,1607700819.090909,11592.909,-1019.364,345786000.0,7.425,5.309,3.123,8.387,5.575,3234200.0,5.32,663960.0
6598,2020-05-20,-11298522008.727272,296882165.6363636,-1423699781.1818182,19507.091,5430.182,681300545.455,-0.161,1.165,4.76,3.435,0.793,2982090.0,2.855,657620.0
6732,2020-05-19,-10838328134.8,407811933.0,-1542898723.4,18284.9,6962.8,664457600.0,-0.415,0.77,3.937,5.756,-0.316,2958990.0,1.85,662560.0
5546,2020-04-29,-41075189.7,989467140.5,-406029516.1,20711.6,29478.4,816512100.0,1.644,2.72,5.396,4.858,1.616,2962650.0,2.95,510920.0
8284,2020-04-27,-2133821763.3333333,1067155158.5555556,-1152394883.1111112,27730.222,28401.889,833566666.667,-0.861,0.286,4.184,3.93,2.457,2838840.0,4.204,485890.0
3543,2020-03-24,-27962888089.7,-219987297.4,-2852997954.9,-158927.7,-43110.9,-4435735200.0,-22.338,-18.94,-16.617,-21.1,-19.208,3990040.0,-23.41,566060.0
6716,2020-03-09,-13215155353.8,174670787.3,-1165500012.8,-20016.8,16366.6,-10694000.0,-9.903,-9.402,-8.751,-8.303,-3.119,2529000.0,-2.408,399170.0
2743,2020-02-17,744388030.25,-122048181.0,-83401734.0,919.5,15410.25,2739500.0,4.131,4.601,6.131,9.52,4.058,2343950.0,5.897,432460.0
4581,2020-02-17,744388030.25,-122048181.0,-83401734.0,919.5,15410.25,2739500.0,4.131,4.601,6.131,9.52,4.058,2343950.0,5.897,432460.0
3597,2020-02-17,744388030.25,-122048181.0,-83401734.0,919.5,15410.25,2739500.0,4.131,4.601,6.131,9.52,4.058,2343950.0,5.897,432460.0
2756,2021-12-24,-1311628523.8461535,1702271422.6923077,-695240909.3076923,1363.154,-800.923,209184615.385,-0.635,-0.801,-2.205,-3.296,0.675,4229360.0,1.28,1009600.0
6719,2021-12-23,-868416750.0769231,1649716608.7692308,-662625633.3076923,3103.231,59.308,285997692.308,-0.837,-0.515,-1.604,-1.781,-0.487,4370870.0,0.914,1049030.0
3592,2021-12-17,580168567.5384616,672432908.3846154,-880476261.8461539,8457.231,-1165.385,242154076.923,3.075,1.469,-1.931,-1.012,0.501,4660170.0,2.111,1112920.0
6691,2021-12-13,-403192760.09090906,326615025.8181818,-905258613.181818,7777.364,-3993.545,343882545.455,2.451,1.585,0.166,3.258,2.875,4906430.0,2.931,1107340.0
4770,2021-12-02,-1740037138.3076923,8633463.0,-1100144103.1538465,6892.077,-2507.308,367307076.923,-2.671,-0.589,-0.493,3.058,-1.431,5350210.0,0.479,1103570.0
6792,2021-11-18,4136679667.5384617,310242048.5384616,55648131.23076923,33667.923,2085.923,1272495538.462,0.748,1.681,2.294,9.923,4.012,5581040.0,4.325,1046660.0
6770,2021-11-16,3713673724.4545455,82447202.9090909,183194421.45454547,37238.455,1044.818,1305873818.182,0.284,0.953,1.328,9.075,3.331,5320640.0,2.707,1058020.0
2945,2021-11-10,2483489444.7272725,-38634077.0,353406621.72727275,30634.727,-3388.182,1555992454.545,1.825,3.358,5.841,11.461,2.734,4756830.0,2.162,1064780.0
6806,2021-10-26,672269261.7,687838446.7,377658057.2,2203.5,858.9,-253042900.0,2.466,3.608,4.363,5.107,2.62,3817890.0,3.765,813300.0
6761,2021-10-19,-3125527381.875,1295920397.625,-124895309.625,-13784.5,5386.875,-849266625.0,1.707,1.864,1.762,0.922,1.811,3959710.0,2.929,737150.0
5222,2021-10-04,-8220492003.333333,1052559533.3333334,-2630972380.555556,571.111,-621.444,218314555.556,-2.142,-2.83,-3.958,-4.767,-4.096,4250320.0,-4.017,784420.0
4440,2021-10-04,-8220492003.333333,1052559533.3333334,-2630972380.555556,571.111,-621.444,218314555.556,-2.142,-2.83,-3.958,-4.767,-4.096,4250320.0,-4.017,784420.0
2947,2021-09-14,12400646079.727272,-271293885.8181818,748109822.4545455,-9940.364,3360.364,-672964909.091,-1.626,-0.357,0.785,-1.327,-0.251,4224230.0,-0.813,947820.0
6790,2021-09-07,9144128710.363636,549776739.0,1542142169.2727273,-1161.818,5299.091,108615909.091,0.922,2.145,4.19,4.754,4.023,4626740.0,4.406,957110.0
6788,2021-09-07,9144128710.363636,549776739.0,1542142169.2727273,-1161.818,5299.091,108615909.091,0.922,2.145,4.19,4.754,4.023,4626740.0,4.406,957110.0
2753,2021-08-20,99742884.6923077,-139785244.46153846,-1385540637.6923077,-31899.231,2784.846,-1645282000.0,1.45,1.389,-0.17,-3.573,-6.567,5046190.0,-9.822,891170.0
6684,2021-07-22,-6548354099.384615,-1291991440.8461535,-863080629.6923077,-3246.615,-7698.538,885434615.385,-2.37,-2.156,-2.489,-5.076,-2.28,7015800.0,1.35,1426750.0
5236,2021-07-09,-1129280624.9166667,-710502544.5,1992669417.1666667,34737.417,-7142.333,2630564500.0,2.067,2.811,3.692,4.285,2.075,7792780.0,2.175,1139440.0
2250,2021-05-11,2565405794.1,-686086215.2,-832530846.4,5068.7,10608.4,920237300.0,1.484,0.513,-2.739,-4.09,-1.916,9937290.0,-5.175,1110590.0
6741,2021-05-05,1699454370.7,-741618599.5,-1210594281.0,48152.7,2588.5,2134228200.0,-0.953,-0.103,-0.638,-4.429,-2.252,10741570.0,-5.229,1356870.0
3357,2021-04-07,-5955696248.1,585660384.0,-41070343.5,16844.2,-11607.2,1129160800.0,1.61,2.729,2.004,7.598,3.118,6234190.0,3.757,994470.0
6768,2021-03-31,-6907082020.818182,375801304.1818182,-76511999.81818181,18464.545,-11051.727,1281322727.273,0.898,0.791,-1.36,4.762,2.091,6139500.0,3.39,995140.0
2211,2021-03-19,-7264338873.818182,1047778630.9090908,-147982197.0,15984.0,-8136.273,1129310727.273,4.092,1.561,-0.863,-3.117,2.728,4959220.0,4.293,896020.0
6776,2021-03-11,-16909477106.8,1196744830.6,-920622537.2,29799.0,-14190.6,1398199200.0,0.891,-1.423,-6.827,-10.937,-1.856,5793170.0,-2.283,820290.0
6781,2021-03-02,1152379199.6666667,-27862272.33333333,-3653554489.3333335,62507.667,11895.0,1532977000.0,-0.179,-2.681,-6.924,-6.855,1.576,5972420.0,6.695,885180.0
6651,2021-01-12,11210222273.3,-316990839.8,1014721696.5,17596.4,-5466.6,1044523000.0,2.096,1.832,1.303,7.022,7.417,6373640.0,3.963,962710.0
6733,2021-01-08,6673103375.416667,-305424509.8333333,81499917.66666667,21759.167,-931.0,808416666.667,0.58,0.864,0.6,3.272,6.539,6298030.0,3.722,908600.0
6661,2021-01-07,6691188503.5,-281908482.5833333,703486429.1666666,37095.583,2109.75,1051841750.0,0.149,-0.236,-0.448,0.668,5.344,6263870.0,3.657,912110.0
6767,2021-01-05,5287227885.3,-248782048.8,438508080.5,38356.2,4191.7,918682800.0,0.764,0.61,0.897,0.688,3.595,6285340.0,3.614,857060.0
6515,2020-12-30,2682118485.6666665,-65790068.91666666,-957259019.8333334,48656.0,4333.083,862237416.667,0.511,1.081,3.449,1.707,1.172,5912190.0,3.08,819070.0
6747,2020-12-29,1748686419.4545455,-84409554.0909091,-1332523058.8181818,41857.273,1605.0,710741090.909,0.278,0.725,3.177,0.719,2.947,5804050.0,0.782,790510.0
6865,2022-12-21,-4307559786.083333,207455170.16666663,-2553974870.25,17331.417,-13.583,290905333.333,-3.024,-3.663,-4.756,-3.723,-3.144,2973970.0,-3.391,748250.0
6708,2022-12-09,3121879303.6923075,433020726.61538464,-2600368653.076923,10926.923,-49.308,306913307.692,-0.308,-0.22,-0.087,-0.086,-1.526,3188240.0,1.904,785960.0
8227,2022-11-30,11705955647.416666,708185998.6666666,-3008405946.9166665,10968.5,122.917,-1935083.333,1.775,0.831,-0.856,-0.132,1.185,2679940.0,0.884,703730.0
6517,2022-11-25,12975415231.923077,792507425.6153846,-2516847870.3076925,3880.923,1171.385,-195633923.077,3.872,5.169,5.773,12.495,5.543,2910680.0,4.189,725160.0
3447,2022-11-25,12975415231.923077,792507425.6153846,-2516847870.3076925,3880.923,1171.385,-195633923.077,3.872,5.169,5.773,12.495,5.543,2910680.0,4.189,725160.0
6874,2022-11-24,12135786585.923077,776373636.4615384,-2431067827.230769,6276.462,1443.846,-134692692.308,4.003,4.758,5.243,11.575,8.181,2882710.0,5.289,712570.0
6859,2022-11-08,-2878282721.6,868048533.1,1572419567.3,-4068.9,-511.2,-224755800.0,2.956,-0.876,-4.759,-1.876,4.402,2217390.0,8.596,534380.0
6782,2022-11-08,-2878282721.6,868048533.1,1572419567.3,-4068.9,-511.2,-224755800.0,2.956,-0.876,-4.759,-1.876,4.402,2217390.0,8.596,534380.0
6843,2022-11-01,-5426586567.1,400815824.5,1232840842.2,-6526.4,-515.1,-357564400.0,8.093,6.258,4.566,8.245,-1.333,2411330.0,-1.757,433070.0
6791,2022-10-25,-10359605537.5,594414118.3,-737267057.4,-13072.5,-1755.8,-771561600.0,3.539,0.718,-0.353,-4.393,-1.9,2784640.0,-3.604,503310.0
6835,2022-10-21,-5822586571.583333,862805845.4166666,-179195553.25,-14114.167,1010.917,-677307916.667,3.502,1.13,-0.398,-7.202,-6.809,2737010.0,-7.672,537480.0
6695,2022-10-17,-6287052617.9,1509402969.1,-1107360899.6,-16325.1,4612.2,-939059000.0,2.782,0.809,-0.823,-3.584,-2.208,2590160.0,-3.443,605850.0
4951,2022-10-14,-6602049171.25,1572846408.0833333,-1280666843.3333333,-24229.0,2339.25,-1323258666.667,-0.074,-1.811,-3.487,-6.53,-5.346,2592670.0,-5.42,621540.0
6855,2022-09-16,-8763021605.166666,973471896.3333334,-2935599408.9166665,1525.667,492.5,-87935000.0,-3.097,-2.429,-3.196,-6.64,-0.891,2646270.0,-1.343,760350.0
4584,2022-09-15,-7347788344.0,1177404361.9166667,-2474238656.0,-4439.083,1457.917,-223344250.0,0.303,1.3,1.027,-2.407,-2.896,2676520.0,-2.162,773840.0
6689,2022-08-23,-462362639.27272725,1942484244.1818185,219936005.63636363,-2620.0,1193.0,260086727.273,3.645,3.342,2.432,-0.509,1.295,3001720.0,5.667,793230.0
3430,2022-08-19,-2058612384.0,1953313495.230769,-211975769.30769232,-5247.692,2826.615,7591692.308,4.127,4.53,5.931,2.26,2.399,2929090.0,6.141,742940.0
6834,2022-08-12,-1861079576.3076923,1519888339.4615386,-619063417.3846154,8695.231,6741.0,89938923.077,2.452,3.923,6.036,1.482,1.319,2879550.0,0.496,692900.0
6830,2022-08-11,-819558936.0,1466917797.3846154,-577772454.0769231,6924.462,6480.385,-34250076.923,2.926,4.504,6.848,5.697,0.316,2828930.0,0.253,683830.0
6811,2022-07-20,-2603728141.9166665,1473069347.5,1219966454.4166667,-17113.583,1652.833,-1314643416.667,1.035,0.829,1.15,8.723,5.066,3179480.0,6.312,680630.0
6823,2022-06-10,2215105457.333333,813223898.0833334,844581654.5833334,9392.583,3358.583,79288750.0,4.077,4.704,5.548,6.712,4.086,3070300.0,5.949,704110.0
6789,2022-06-10,2215105457.333333,813223898.0833334,844581654.5833334,9392.583,3358.583,79288750.0,4.077,4.704,5.548,6.712,4.086,3070300.0,5.949,704110.0
4577,2022-05-24,-4290873282.1,461326870.7,-1331774691.7,-33640.8,7223.3,-1121305100.0,-5.004,-5.397,-6.226,-3.076,0.59,3274290.0,2.444,654230.0
6550,2022-05-16,-7667905128.5,900699001.0,-1957222093.7,-34917.7,6319.7,-872216500.0,-3.781,-4.885,-7.813,-3.169,-4.578,3233310.0,-1.304,662640.0
6796,2022-05-12,-12527127933.666666,1092280774.8333333,-2688192456.1666665,-44591.333,3977.25,-1312081000.0,-5.297,-7.097,-10.624,-7.011,-1.822,3297270.0,-0.073,679840.0
6546,2022-05-04,-11074432243.555555,1393826297.4444444,-2474635162.333333,-30905.778,9313.111,-1293942444.444,-4.169,-5.915,-7.483,-5.363,-2.91,3883230.0,-4.684,743780.0
5228,2022-04-29,-10198929655.818182,1730274548.909091,-2620413424.5454545,-22232.818,9607.364,-957943909.091,-3.113,-5.379,-6.869,-4.778,-3.439,4105760.0,-5.315,784370.0
6585,2022-04-29,-10198929655.818182,1730274548.909091,-2620413424.5454545,-22232.818,9607.364,-957943909.091,-3.113,-5.379,-6.869,-4.778,-3.439,4105760.0,-5.315,784370.0
6799,2022-04-21,-14336305634.0,1602638177.6363635,-2632289238.5454545,2197.182,7066.0,-222563636.364,-1.168,-3.391,-6.515,-8.36,-0.173,4199100.0,-2.259,753660.0
4583,2022-04-18,-13969652552.444445,1530244772.2222223,-2450839839.111111,3132.778,5018.889,-117104888.889,-0.328,-1.85,-4.057,-9.031,-3.896,4071420.0,-5.874,715520.0
6721,2022-04-11,-8986685526.555555,644591979.6666666,-598193815.7777778,2082.444,-5291.556,74007444.444,-0.358,-0.441,-2.075,-9.491,-2.342,3758900.0,-2.922,707790.0
6735,2022-04-11,-8986685526.555555,644591979.6666666,-598193815.7777778,2082.444,-5291.556,74007444.444,-0.358,-0.441,-2.075,-9.491,-2.342,3758900.0,-2.922,707790.0
6807,2022-04-01,-1698093713.2307692,715793320.0,-1720141.5384615385,8827.0,-11836.231,21749000.0,7.13,10.987,16.202,18.969,1.357,3763630.0,1.796,718970.0
4768,2022-03-22,-22027811187.7,2383398535.7,-3378990712.0,-23506.7,-12372.9,-976302100.0,5.069,5.013,6.109,8.571,4.369,4358120.0,5.065,590100.0
6804,2022-03-11,-32520433295.0,3261370068.083333,-4024433913.9166665,-31718.917,-7557.333,-249449666.667,-2.869,-3.114,-4.379,-5.936,-0.917,4821900.0,-0.429,657610.0
3349,2022-03-03,-21962201721.285717,2988970901.142857,-2595171232.857143,-13225.143,-6472.429,302296571.429,-2.434,-1.012,-0.288,1.91,-1.996,4668540.0,-0.752,664940.0
4558,2022-02-24,-5919245810.833333,2323372831.333333,-1542368049.1666667,19622.5,597.5,725718166.667,-2.88,-3.37,-3.901,-1.992,-1.54,4142810.0,-1.576,674920.0
6763,2022-02-22,3591580187.25,1994699975.0,-3917123.5,37369.0,11651.0,970480250.0,-2.216,-2.672,-2.705,-0.882,1.419,4060490.0,1.034,686610.0
4923,2022-02-21,-3195180801.75,2196403449.75,-1582057474.0,19002.25,7923.0,316171250.0,-2.276,-2.17,-1.168,-0.29,1.855,3611710.0,1.926,620920.0
8438,2022-02-18,-657696549.1666666,2277213450.6666665,-1371734156.5,11836.333,8207.333,475324333.333,-0.407,-0.985,-0.703,2.045,3.362,3414420.0,2.344,609550.0
6829,2022-02-18,-657696549.1666666,2277213450.6666665,-1371734156.5,11836.333,8207.333,475324333.333,-0.407,-0.985,-0.703,2.045,3.362,3414420.0,2.344,609550.0
6693,2022-02-08,-25531689313.5,2841287170.0,-7081379587.5,-107367.75,-18494.5,-3469683750.0,2.173,1.526,0.171,-1.362,-2.733,3167790.0,-2.274,538830.0
5244,2021-12-29,317179274.3333333,1462628537.8333333,-648555859.8333334,455.0,-1984.417,250254000.0,-0.057,0.292,0.146,0.453,3.039,3943050.0,2.631,951560.0
6906,2023-12-25,9340556566.181818,481033648.8181818,-5172550018.727273,11327.455,4955.455,356755363.636,3.563,3.514,4.351,9.901,1.024,3865690.0,0.073,658800.0
6534,2023-12-06,8695616269.083334,-522123302.1666667,-2035310820.0833333,21420.25,1016.833,743759666.667,3.715,1.786,1.271,-0.277,0.103,3482810.0,2.358,940990.0
6645,2023-12-01,15274781452.384617,-576181897.9230769,-765049879.0,16166.846,277.154,704362769.231,3.143,3.249,3.734,4.543,1.307,3383460.0,4.036,875720.0
2949,2023-11-27,14358586405.0,-239701965.1818182,-836671935.9090909,13168.182,-3167.455,646466636.364,4.075,4.814,5.505,8.476,2.661,3173310.0,3.801,808760.0
6937,2023-11-22,12872691438.666666,536413429.1666667,88765632.33333333,9980.75,-2719.417,584211916.667,2.601,3.572,4.802,8.513,4.037,2960470.0,2.02,745400.0
2948,2023-11-22,12872691438.666666,536413429.1666667,88765632.33333333,9980.75,-2719.417,584211916.667,2.601,3.572,4.802,8.513,4.037,2960470.0,2.02,745400.0
6904,2023-11-15,1728255795.5,2136869432.75,-583838576.0,-3038.0,-1575.083,2995083.333,5.755,7.234,9.136,11.3,5.469,2473500.0,3.427,700910.0
6742,2023-11-15,1728255795.5,2136869432.75,-583838576.0,-3038.0,-1575.083,2995083.333,5.755,7.234,9.136,11.3,5.469,2473500.0,3.427,700910.0
6916,2023-11-15,1728255795.5,2136869432.75,-583838576.0,-3038.0,-1575.083,2995083.333,5.755,7.234,9.136,11.3,5.469,2473500.0,3.427,700910.0
4442,2023-11-09,-3972891419.272728,3017515820.5454545,-1665351848.090909,-6304.636,875.818,-53464909.091,2.924,3.357,4.12,3.883,4.15,2468080.0,4.552,686080.0
6894,2023-11-09,-3972891419.272728,3017515820.5454545,-1665351848.090909,-6304.636,875.818,-53464909.091,2.924,3.357,4.12,3.883,4.15,2468080.0,4.552,686080.0
5292,2023-11-01,-11303702231.4,1981671391.8,-3805371166.0,-4698.7,2884.7,-266992800.0,-3.72,-4.862,-5.7,-6.542,-2.674,2674050.0,-0.856,654400.0
6922,2023-10-20,-3426092566.4,748762070.6,-2448239740.4,-10622.0,-4607.1,-427277700.0,1.688,1.978,1.698,0.748,1.102,2919480.0,-0.225,655570.0
6805,2023-10-20,-3426092566.4,748762070.6,-2448239740.4,-10622.0,-4607.1,-427277700.0,1.688,1.978,1.698,0.748,1.102,2919480.0,-0.225,655570.0
6933,2023-10-19,-1927900409.2,1575418653.4,-1326171927.5,-3702.9,-3834.9,-124929900.0,1.424,1.996,2.638,1.986,-0.082,2928370.0,-1.532,669130.0
6658,2023-10-13,-5256003029.1,2511334884.2,-2249941627.8,-2086.9,-2585.1,149712700.0,-0.787,0.48,2.197,3.617,3.378,2642170.0,2.107,629870.0
6856,2023-10-05,-11828775475.416666,2932520038.083333,-4306704393.666667,9586.417,210.417,760937333.333,-3.44,-3.708,-2.936,-1.249,-1.581,2517010.0,-0.145,603870.0
2254,2023-10-02,-10582681274.8,3002360594.9,-4894985541.1,7181.3,304.0,700810900.0,-2.75,-3.384,-3.699,-1.594,-3.352,2700120.0,-2.694,601300.0
6526,2023-09-26,-8978380853.454546,3415802618.090909,-5525639473.636364,4690.909,403.364,312629818.182,-1.712,-3.509,-4.986,-6.455,-0.727,2835580.0,0.826,622270.0
6901,2023-08-30,-6721040615.454545,2822406479.7272725,-3085612089.3636365,-11870.0,2428.0,-219556636.364,-2.649,-1.307,-0.397,-0.538,1.075,3258310.0,0.761,619160.0
6870,2023-08-25,-6611852597.916667,3162758092.083333,-4604206793.583333,-26548.917,1663.333,-798346166.667,-3.339,-2.897,-3.491,-5.662,1.022,3372690.0,-0.633,664000.0
6895,2023-08-02,-2591598584.5,-1285154594.5833333,-49779599.083333336,10564.75,-25.083,1628635583.333,2.527,1.314,0.503,0.377,0.563,4237950.0,-1.167,1004560.0
4569,2023-07-11,-11629278320.22222,-784370435.3333334,1075925018.1111112,10294.333,-2225.0,880833888.889,0.616,1.912,2.574,1.756,-1.392,3823740.0,0.51,884230.0
2073,2023-06-01,15617798983.916666,183093658.3333333,5443679413.25,24186.083,347.583,551226333.333,-0.622,1.973,5.624,19.268,2.963,3670880.0,2.813,763630.0
6877,2023-05-29,10247799141.1,369554358.5,5892999693.7,22039.8,3184.8,468877000.0,-1.636,0.5,2.998,12.019,6.656,3232210.0,3.837,740560.0
6657,2023-05-23,7016561433.4,659314816.0,4703719745.1,8119.3,2473.9,-130037200.0,-0.411,1.494,3.706,7.175,2.881,2952070.0,0.576,740720.0
6821,2023-05-02,-8482781365.285714,-15903463.42857143,-1445273718.7142856,-4490.714,4558.0,-246568571.429,-0.474,-0.385,-0.127,-4.079,-2.408,3126530.0,-3.995,859360.0
6584,2023-04-27,-3924677736.7,-392706837.9,-1756017971.3,6034.6,4268.6,70183800.0,0.86,0.68,-0.39,-3.82,-2.722,3296680.0,-4.967,923440.0
6846,2023-04-24,-1194973228.875,-628761103.75,-441465725.625,18788.0,4483.5,651654000.0,0.9,0.603,-0.235,-0.83,-1.721,3239990.0,-2.8,969280.0
6861,2023-03-07,-3393250801.888889,1431819380.1111112,-1511095889.1111112,16545.444,-4955.0,683263888.889,-2.433,-2.396,-2.751,-0.724,1.833,2897980.0,4.042,765890.0
6840,2023-03-06,-2349326006.333333,1344591740.1111112,-1338795892.7777777,19602.111,-3996.0,699272444.444,-2.057,-2.666,-3.314,-2.328,0.372,2876720.0,2.919,750840.0
6606,2023-03-06,-2349326006.333333,1344591740.1111112,-1338795892.7777777,19602.111,-3996.0,699272444.444,-2.057,-2.666,-3.314,-2.328,0.372,2876720.0,2.919,750840.0
6863,2023-03-01,-1069730664.0,794288500.2,-1474031320.7,20812.8,-3303.2,517475900.0,-3.107,-2.944,-2.758,-2.525,-0.26,2671480.0,3.208,715680.0
2645,2023-02-20,439535095.8,726036667.8,-1511251811.8,15091.0,-1894.0,176129200.0,-1.049,-2.138,-2.828,-2.756,0.564,2391750.0,1.85,664750.0
6753,2023-02-16,3777153049.8,820113579.6,-1418600113.4,12151.0,-2183.6,353356400.0,1.568,2.975,4.371,6.65,-1.041,2440200.0,-0.41,689400.0
6841,2023-02-07,14792848616.0,891730309.3333334,-336528257.0,31304.333,-3595.333,519945000.0,1.262,3.979,7.36,7.054,4.488,2526450.0,6.46,591710.0
7715,2024-12-25,-3144600622.25,481328221.3333333,-4058860749.6666665,-4786.0,1208.167,-394858833.333,-3.517,-2.016,-0.831,-1.075,0.946,3375950.0,-0.962,776590.0
6994,2024-12-25,-3144600622.25,481328221.3333333,-4058860749.6666665,-4786.0,1208.167,-394858833.333,-3.517,-2.016,-0.831,-1.075,0.946,3375950.0,-0.962,776590.0
6931,2024-12-25,-3144600622.25,481328221.3333333,-4058860749.6666665,-4786.0,1208.167,-394858833.333,-3.517,-2.016,-0.831,-1.075,0.946,3375950.0,-0.962,776590.0
7714,2024-12-25,-3144600622.25,481328221.3333333,-4058860749.6666665,-4786.0,1208.167,-394858833.333,-3.517,-2.016,-0.831,-1.075,0.946,3375950.0,-0.962,776590.0
7732,2024-12-24,-7014820633.636364,512800241.6363636,-4947915440.363636,-3430.273,1342.636,-311487454.545,-4.639,-3.069,-1.844,-2.498,-0.089,3332410.0,-1.561,691350.0
7712,2024-12-06,-6342895330.769231,3820891127.692308,-2315961393.8461537,-23849.769,-1193.923,-46564461.538,3.033,2.651,3.667,3.009,1.588,3263770.0,1.468,961230.0
6982,2024-11-28,-15434378260.5,4166513551.1666665,-6322649627.75,-26369.667,-3030.833,-130759416.667,1.699,-0.136,-1.203,-5.72,-1.676,3680710.0,-0.301,760740.0
7704,2024-11-26,-16117376007.2,4064295233.8,-7201613830.7,-26039.9,-3299.8,-365069800.0,-0.27,-0.781,-1.63,-6.19,-0.145,3771960.0,0.514,748750.0
6885,2024-11-26,-16117376007.2,4064295233.8,-7201613830.7,-26039.9,-3299.8,-365069800.0,-0.27,-0.781,-1.63,-6.19,-0.145,3771960.0,0.514,748750.0
6997,2024-11-26,-16117376007.2,4064295233.8,-7201613830.7,-26039.9,-3299.8,-365069800.0,-0.27,-0.781,-1.63,-6.19,-0.145,3771960.0,0.514,748750.0
6955,2024-11-21,-8308082671.083333,3348648772.583333,-6772048760.5,-7182.833,-1067.417,-251034750.0,3.18,2.877,3.026,-2.253,-3.078,3631540.0,-4.395,747730.0
8045,2024-11-21,-8308082671.083333,3348648772.583333,-6772048760.5,-7182.833,-1067.417,-251034750.0,3.18,2.877,3.026,-2.253,-3.078,3631540.0,-4.395,747730.0
6996,2024-11-20,-10031748850.363636,3162140229.2727275,-7544813872.636364,-6820.909,187.273,-354967818.182,3.312,2.476,2.413,-3.356,-1.588,3572110.0,-3.32,752890.0
7722,2024-11-15,-10389375175.416666,4030404465.6666665,-6434983252.25,-2622.833,-1583.083,67446916.667,3.594,2.756,3.847,-1.977,-0.284,3393550.0,-3.31,774550.0
1294,2024-09-05,-3398840245.8461537,3425696371.076923,-4115700858.4615383,61243.077,-89.846,1555349923.077,2.222,1.695,0.464,-0.221,-4.768,3722810.0,-2.854,965760.0
1295,2025-05-12,11604822964.4,697604508.0,-4526987733.6,12184.4,7034.8,-82433400.0,3.128,2.511,3.136,4.206,5.245,2772430.0,3.056,886840.0
1563,2024-04-22,-11215211075.222221,1215609564.8888888,-4409148228.444445,-1702.667,574.667,306908888.889,-2.901,-3.713,-3.982,-6.794,-4.362,4814960.0,-5.279,973340.0
1623,2026-01-07,3677575097.2,-1546078261.9,7548398312.7,30991.3,2680.0,1856910300.0,0.514,0.351,-0.309,4.239,8.621,5306330.0,4.542,1076790.0
2248,2025-02-20,3555736545.8333335,-28481251.333333332,1306826149.0,19994.5,4829.5,1279510500.0,0.28,2.003,3.274,4.795,1.233,3129980.0,3.636,877560.0
2646,2024-10-04,9531162626.1,2095392355.5,330983178.4,-41226.3,3042.2,543557600.0,1.285,1.343,1.809,2.332,3.282,3796840.0,2.768,953650.0
2751,2024-08-21,7769765506.8,6176848100.8,-7007950099.2,16056.7,1676.3,-1214849300.0,2.321,3.885,5.1,12.207,5.324,3732280.0,8.978,885080.0
2762,2024-01-04,11384758072.666666,309516118.1666667,-4865737946.083333,4551.0,4127.083,282399916.667,1.03,1.073,1.333,1.42,-0.43,3371710.0,-0.013,618800.0
2941,2024-02-29,9045282110.0,-1473364890.0,3065633624.4,14586.8,-199.6,1022942600.0,1.028,0.854,-0.09,2.106,4.191,3475430.0,3.344,1133110.0
3135,2025-07-22,8385584654.818182,-543018136.4545455,3086520119.6363635,15854.0,5882.0,206383545.455,0.176,1.082,2.318,3.545,4.375,3012680.0,2.791,872790.0
3150,2024-06-12,-11038857262.545454,2099526010.6363637,-2797907994.818182,24484.818,228.636,1183862545.455,-0.693,0.797,1.255,1.27,-0.303,5058790.0,0.767,1195940.0
3158,2025-10-31,-4379272050.5,-2413111078.7,6007780888.7,16129.6,2675.4,2524417100.0,3.557,3.549,4.992,7.009,2.314,4563080.0,-0.569,936070.0
3168,2024-03-06,9523818422.25,1049262946.5,-1161716413.25,18456.75,-331.5,627078000.0,1.189,2.627,3.165,8.877,3.379,3603660.0,3.108,1207050.0
3467,2025-03-05,-15452138119.363636,-1351712023.1818182,-3292438348.0,4331.727,-4964.636,1002495545.455,-1.583,-2.619,-5.89,-7.638,-4.518,3546560.0,-1.48,879340.0
4166,2025-08-06,7251730455.75,824891045.5833334,3766765734.8333335,4220.333,-5188.5,444589416.667,-1.7,-0.933,-1.175,-3.576,1.466,3389780.0,2.098,913020.0
4441,2025-08-25,-3718113068.909091,-756702906.4545455,1171015612.8181818,13282.818,1965.727,1424349272.727,1.858,0.476,-0.67,-0.54,-1.537,4326980.0,1.64,1254290.0
4585,2025-09-11,5522012889.692307,-1529330005.7692308,1757637082.6153846,11822.615,1398.462,1216194230.769,-0.256,0.437,1.406,0.958,3.945,4012730.0,2.654,1166410.0
4588,2024-01-09,6219119111.6,2175196700.1,-4217086059.7,6162.5,-2018.0,387560100.0,0.145,-1.387,-3.219,-5.42,-0.183,3103830.0,-0.983,623040.0
4590,2026-01-14,-3011799256.8,-4401888049.8,4347241058.1,25772.1,1341.4,1615257300.0,2.15,0.877,0.839,6.415,6.967,6547360.0,3.941,1148010.0
4749,2024-12-27,-1105352459.1538463,388933717.15384614,-2790290816.0,-2298.077,1412.769,-288439615.385,-3.03,-1.008,0.394,4.577,0.984,3395500.0,-0.078,794910.0
4771,2024-02-26,-402985048.25,-559278568.25,3452636220.5,27916.25,-3972.0,1858236750.0,0.885,1.783,1.57,4.229,5.126,3306740.0,3.889,1048640.0
4772,2024-08-30,3220922404.3846154,3303152887.3076925,-5062363864.153846,56012.846,1235.077,982659692.308,4.811,5.266,5.806,8.639,-0.66,3753020.0,2.659,999820.0
4949,2024-04-18,-7760484525.818182,7145680156.909091,-4215114197.6363635,-11951.727,-1185.818,-117516727.273,-4.629,-3.47,-3.121,-5.703,-1.237,4301600.0,-1.75,941200.0
5547,2026-01-19,-2976199125.4444447,-5292191859.555555,3523393071.3333335,15179.889,1385.0,1407176333.333,0.95,0.615,0.574,5.249,4.33,6864170.0,6.211,1239300.0
5548,2024-02-26,-402985048.25,-559278568.25,3452636220.5,27916.25,-3972.0,1858236750.0,0.885,1.783,1.57,4.229,5.126,3306740.0,3.889,1048640.0
6272,2025-12-05,-12088811613.923077,1669054468.9230769,-2245043016.1538463,-805.077,-578.538,801333538.462,1.898,2.352,3.107,6.617,5.148,4083100.0,5.647,905880.0
6423,2024-04-29,-20914865414.88889,3471109712.6666665,-6671877327.0,-26384.444,3030.889,-676508000.0,0.27,-1.464,-3.483,-2.74,-1.61,4915790.0,-2.828,878310.0
6474,2025-11-06,-7669501036.0,-1982977008.1,4538049954.9,-3738.4,-2972.6,1079366800.0,2.481,2.821,5.091,7.273,0.246,4464010.0,-2.027,960070.0
6498,2025-05-05,2880872966.888889,1718670566.8888888,-2736435016.6666665,-5028.0,9143.667,-705534555.556,4.115,6.085,8.745,10.833,7.18,2501760.0,5.544,808340.0
6597,2025-04-22,-12659924668.88889,1995123454.7777777,-8394150561.333333,-124040.667,-3163.444,-7688674444.444,3.535,3.974,4.615,7.213,3.501,3604160.0,3.095,781940.0
6614,2025-11-07,-12202037209.0,-1930205196.1818182,3565389464.4545455,-2891.182,-2567.273,1214673727.273,0.811,0.541,1.558,1.373,1.334,4482160.0,-0.232,953950.0
6617,2024-05-28,15934638008.6,2445109038.4,875090255.7,2109.9,1608.4,185403200.0,-1.133,0.865,2.418,6.613,3.897,5065490.0,3.585,931500.0
6620,2025-12-08,-7265171756.363636,2896030130.090909,1275396058.090909,10190.273,-961.364,1511103363.636,4.587,4.869,6.464,13.6,5.571,4064200.0,4.118,874100.0
6637,2024-05-28,15934638008.6,2445109038.4,875090255.7,2109.9,1608.4,185403200.0,-1.133,0.865,2.418,6.613,3.897,5065490.0,3.585,931500.0
6692,2024-01-15,433694782.5,2358682881.7,-5107463768.7,666.4,-6378.3,-337016700.0,0.057,0.218,-0.274,-2.576,-2.331,2997620.0,-1.513,648330.0
6720,2024-11-14,-5353157072.583333,3431370346.6666665,-5605018629.75,-1540.167,-1300.917,40708750.0,5.173,3.327,4.213,-1.083,0.174,3332350.0,-1.586,760270.0
6722,2025-12-31,-11427197153.545454,308699253.27272725,5601699167.0,20723.182,-89.364,1201362909.091,0.522,1.502,1.716,2.475,4.251,4935340.0,5.495,987490.0
6725,2025-12-12,4866161351.230769,2493560090.076923,3213220442.230769,17656.385,-301.231,1845203000.0,2.394,2.019,3.08,9.985,1.442,4111140.0,0.648,893490.0
6730,2025-11-25,-25356256587.363636,-1333512963.5454545,-7012071820.272727,-12128.182,-463.091,-381862727.273,-2.628,-2.824,-4.027,-8.569,-4.609,5202500.0,-2.478,979170.0
6739,2024-08-13,-20867684358.0,9884556129.555555,-16129655099.777779,-53400.889,6741.333,-3390420666.667,-2.816,-2.561,-4.02,-7.312,-2.026,4449390.0,-2.981,874810.0
6771,2024-05-02,-10559772545.7,3589528372.8,-4303785684.0,-10333.4,5780.6,-306427500.0,1.061,-0.141,-1.187,0.437,0.907,4886120.0,-0.719,853900.0
6785,2024-01-04,11384758072.666666,309516118.1666667,-4865737946.083333,4551.0,4127.083,282399916.667,1.03,1.073,1.333,1.42,-0.43,3371710.0,-0.013,618800.0
6794,2024-05-06,-5887693048.555555,4319993223.888889,-2234531797.2222223,3252.889,5631.222,160955222.222,1.192,1.059,1.535,2.53,4.113,4948400.0,3.123,876520.0
6831,2025-11-06,-7669501036.0,-1982977008.1,4538049954.9,-3738.4,-2972.6,1079366800.0,2.481,2.821,5.091,7.273,0.246,4464010.0,-2.027,960070.0
6838,2024-07-22,-13145263037.545454,4472679461.636364,-7415988000.0,23020.364,-321.0,1332255545.455,3.274,-0.406,-2.624,-3.888,-4.225,5637850.0,-2.561,1196250.0
6844,2024-02-16,5472152204.333333,-898328069.5,-469962179.8333333,-22164.5,-7324.167,-441451000.0,-0.158,0.512,0.176,1.821,4.3,2618390.0,3.165,876140.0
6862,2024-10-02,8932380169.0,2236704545.3636365,16739982.818181818,-34843.818,2461.636,624493363.636,1.66,1.865,2.998,6.248,3.282,3796840.0,2.768,953650.0
6872,2025-02-14,5918315452.833333,1452246613.0,858933016.0,9644.167,4127.0,968978166.667,-0.572,0.013,-0.455,3.524,-0.536,2909560.0,0.842,803350.0
6875,2024-03-06,9523818422.25,1049262946.5,-1161716413.25,18456.75,-331.5,627078000.0,1.189,2.627,3.165,8.877,3.379,3603660.0,3.108,1207050.0
6881,2024-04-30,-15539249468.88889,3546053155.888889,-5239617005.111111,-16454.889,5642.0,-416516777.778,0.27,-1.464,-3.483,-2.74,2.982,4991220.0,1.303,867110.0
6884,2025-12-02,-20272235778.18182,596105468.8181819,-4831057803.0,-10910.182,-1313.0,293836454.545,0.593,1.166,1.372,1.296,2.192,4399530.0,3.863,887240.0
6887,2025-02-17,-1469495976.75,155101234.25,-10529083.75,20852.0,1950.25,1747281750.0,0.374,1.234,1.621,2.802,2.018,3021950.0,3.51,808850.0
6890,2024-05-22,12230576863.636364,4043469943.6363635,354519452.72727275,5565.909,4302.909,208384181.818,3.433,3.422,3.278,5.658,2.59,4948500.0,0.271,861870.0
6899,2024-03-15,11837837605.4,2519669637.4,-771093708.5,17718.4,-3150.2,892621400.0,0.085,1.912,1.436,7.253,5.291,4147520.0,-1.357,1251380.0
6903,2024-05-22,12230576863.636364,4043469943.6363635,354519452.72727275,5565.909,4302.909,208384181.818,3.433,3.422,3.278,5.658,2.59,4948500.0,0.271,861870.0
6907,2026-01-14,-3011799256.8,-4401888049.8,4347241058.1,25772.1,1341.4,1615257300.0,2.15,0.877,0.839,6.415,6.967,6547360.0,3.941,1148010.0
6909,2025-05-06,6470087026.4,1633627452.2,-2568495240.1,-549.8,8873.4,-666829300.0,6.766,8.645,11.593,13.213,7.468,2682290.0,6.386,848920.0
6910,2025-11-26,-25739556007.333332,-1279771430.1666667,-6301462402.25,-8931.833,-789.833,-127321583.333,-1.579,-1.87,-3.18,-7.786,-3.703,5044750.0,-1.708,960610.0
6913,2024-09-10,-18578680283.363636,5040006211.454545,-6834375451.818182,52949.455,1143.273,1091989090.909,-1.018,-2.328,-4.196,-9.299,-4.69,3393750.0,-4.346,899370.0
6914,2024-04-12,-4606742222.454545,10398139686.181818,-1460056055.090909,1529.364,1075.818,568307818.182,-1.094,-0.159,-0.475,-0.423,2.738,3970760.0,1.482,911230.0
6918,2025-05-23,14651729958.416666,984267178.0,-776365010.5,13531.583,276.167,749084583.333,3.538,5.134,7.277,12.272,3.614,3247400.0,2.429,818780.0
6919,2024-09-11,-21207395661.75,5333804993.333333,-7232815413.5,47259.917,-179.25,1115881166.667,-2.015,-4.014,-6.639,-13.396,-5.841,3339520.0,-6.096,904630.0
6923,2024-09-04,-3184438309.0,3228033506.6666665,-3964847928.0833335,61327.667,-448.667,1648723416.667,1.661,0.679,-0.654,-2.727,-0.655,3679190.0,0.924,974430.0
6925,2025-05-13,14498934236.1,641263295.4,-4209382064.2,13739.4,6788.1,-27478600.0,2.836,2.445,3.236,4.6,5.466,2773710.0,3.031,888570.0
6928,2024-04-25,-16890262551.181818,2379403929.2727275,-6074298225.636364,-19197.182,1206.545,-597002454.545,-1.679,-3.687,-4.938,-9.19,-2.995,4990660.0,-3.821,904920.0
6929,2024-03-08,11000086956.4,2438983452.8,-554696033.4,24003.0,2413.4,1204050000.0,0.055,2.073,1.976,9.49,4.46,3783360.0,2.372,1287360.0
6934,2026-01-16,-964007558.7272727,-5090591672.727273,4330674444.363636,22443.455,1500.0,1687785454.545,1.706,0.979,1.242,8.075,4.977,6726460.0,4.723,1210740.0
6936,2025-04-11,-15821770900.818182,2810284343.4545455,-7104268328.363636,-156230.0,-4023.182,-9114604909.091,-11.595,-13.607,-16.058,-24.099,-14.646,3353720.0,-19.852,772560.0
6944,2025-05-13,14498934236.1,641263295.4,-4209382064.2,13739.4,6788.1,-27478600.0,2.836,2.445,3.236,4.6,5.466,2773710.0,3.031,888570.0
6951,2024-05-31,9746986124.083334,1746964796.4166667,1777003363.3333333,7068.167,1419.167,759718583.333,-1.467,1.621,3.854,10.259,0.499,4957700.0,2.626,1089070.0
6952,2024-05-23,10946157976.333334,3736787077.1666665,158392036.91666666,5944.667,3792.833,223646666.667,2.925,3.517,3.952,7.934,4.82,5038770.0,2.603,917770.0
6953,2024-04-22,-11215211075.222221,1215609564.8888888,-4409148228.444445,-1702.667,574.667,306908888.889,-2.901,-3.713,-3.982,-6.794,-4.362,4814960.0,-5.279,973340.0
6957,2024-06-04,-5141380332.363636,1217692608.3636363,-15210666.181818182,12921.0,-144.364,868950727.273,-4.73,-1.278,0.306,3.818,1.413,5114590.0,3.653,1136310.0
6958,2024-07-31,-28815474702.9,7283535479.1,-12331570613.5,-30196.7,-1944.1,-907000400.0,0.939,-3.057,-6.034,-11.676,-6.934,4787310.0,-5.518,994230.0
6961,2026-01-07,3677575097.2,-1546078261.9,7548398312.7,30991.3,2680.0,1856910300.0,0.514,0.351,-0.309,4.239,8.621,5306330.0,4.542,1076790.0
6962,2024-11-06,-1472829582.5,2314509635.9,-5142441060.1,4687.3,-3116.9,454825400.0,-2.828,-2.317,-1.35,-3.978,-1.821,3010500.0,-3.586,795820.0
6965,2025-02-14,5918315452.833333,1452246613.0,858933016.0,9644.167,4127.0,968978166.667,-0.572,0.013,-0.455,3.524,-0.536,2909560.0,0.842,803350.0
6967,2024-09-04,-3184438309.0,3228033506.6666665,-3964847928.0833335,61327.667,-448.667,1648723416.667,1.661,0.679,-0.654,-2.727,-0.655,3679190.0,0.924,974430.0
6968,2024-07-25,-21087003341.666668,5096784180.416667,-8755119278.416666,-5947.75,-1928.083,417344916.667,2.721,-0.151,-2.153,-4.985,-4.729,5349030.0,-4.426,1109460.0
6969,2024-08-20,8997010934.777779,6494391323.111111,-6724021211.333333,12489.667,1322.333,-1578452777.778,2.078,3.678,4.878,12.275,9.31,3950290.0,14.169,883010.0
6971,2025-09-16,18048334378.363636,-2720551956.2727275,2115622440.2727273,7572.636,1254.818,487575454.545,1.236,1.969,2.738,5.759,5.581,4108040.0,1.9,1162710.0
6988,2024-10-07,9609391930.125,1577051616.375,1552915664.125,-34726.5,3216.375,436468875.0,-0.032,-0.24,-0.53,1.156,1.18,3761150.0,-0.015,950360.0
7547,2025-07-14,14796112931.363636,-1880984331.2727273,-148301511.45454547,4507.091,3541.091,574909.091,1.897,1.74,1.762,2.945,2.224,3207040.0,0.493,787140.0
7584,2024-07-05,-1287756253.0833333,3303660490.1666665,-1329168075.8333333,18110.667,-3931.333,1479738333.333,1.428,0.654,0.962,-2.516,1.157,4952260.0,2.419,900500.0
7610,2025-08-25,-3718113068.909091,-756702906.4545455,1171015612.8181818,13282.818,1965.727,1424349272.727,1.858,0.476,-0.67,-0.54,-1.537,4326980.0,1.64,1254290.0
7631,2025-02-25,1138940927.3333333,-2989049772.8333335,545626421.1666666,21771.333,53.167,1460035333.333,-0.286,1.519,2.248,6.015,0.775,3381370.0,3.945,844460.0
7642,2025-05-07,8103793356.909091,1373867918.5454545,-3349793028.181818,4563.727,9695.273,-650085272.727,8.245,10.245,13.275,17.195,9.201,2758890.0,8.71,857140.0
7703,2024-10-23,9082219123.555555,2109984392.5555556,-343168959.0,32364.333,-125.222,452589000.0,2.18,1.975,1.939,0.034,4.087,3331530.0,1.397,916240.0
7705,2024-11-06,-1472829582.5,2314509635.9,-5142441060.1,4687.3,-3116.9,454825400.0,-2.828,-2.317,-1.35,-3.978,-1.821,3010500.0,-3.586,795820.0
7708,2024-10-25,10683468779.8,1947609410.1,-315921702.4,24769.7,2925.4,668466000.0,2.314,2.726,3.659,-0.117,1.27,3244860.0,0.289,922020.0
7709,2025-02-05,-7226035725.6,2545820559.0,-3387590716.8,-32942.0,1461.6,-1396323400.0,1.179,-0.144,-0.655,-6.743,1.359,2446740.0,1.523,671540.0
7711,2025-11-04,-7577278236.0,-2931145006.625,6528212500.625,845.5,-2445.125,1528310750.0,2.883,2.376,3.973,6.462,2.333,4491270.0,0.923,953790.0
7713,2025-02-04,9562392034.25,709750830.75,865151931.75,-34791.5,-536.25,-1794684750.0,1.945,0.363,-0.38,-6.47,-1.378,2445680.0,-1.587,681600.0
7716,2025-10-09,954896225.9090909,-2869669080.909091,5578181844.272727,19946.545,909.818,1492632272.727,0.82,1.139,1.371,8.694,3.11,4397010.0,-0.072,994560.0
7717,2025-10-31,-4379272050.5,-2413111078.7,6007780888.7,16129.6,2675.4,2524417100.0,3.557,3.549,4.992,7.009,2.314,4563080.0,-0.569,936070.0
7718,2025-02-25,1138940927.3333333,-2989049772.8333335,545626421.1666666,21771.333,53.167,1460035333.333,-0.286,1.519,2.248,6.015,0.775,3381370.0,3.945,844460.0
7721,2025-07-14,14796112931.363636,-1880984331.2727273,-148301511.45454547,4507.091,3541.091,574909.091,1.897,1.74,1.762,2.945,2.224,3207040.0,0.493,787140.0
7723,2025-04-15,-11681458411.0,3083473050.7777777,-9133839065.555555,-202924.222,-7042.444,-11897958333.333,-4.786,-5.606,-5.401,-9.139,-9.674,3750940.0,-14.138,771080.0
7728,2025-02-13,2936712622.0,1734455205.3333333,219227101.0,8348.167,3629.167,661203500.0,-0.544,0.901,1.926,4.727,-0.044,2549090.0,0.829,790690.0
7730,2025-10-16,-4720020444.0,-2180828108.3,2311113010.5,3688.2,-2324.9,8089600.0,-0.389,0.166,0.936,6.636,5.636,4644230.0,-0.367,931510.0
7734,2025-02-06,-8564441194.333333,1819126529.8333333,-3472963115.0,-26951.5,541.667,-1076446500.0,0.9,-0.904,-1.847,-8.435,1.597,2340510.0,1.935,655830.0
7736,2025-02-25,1138940927.3333333,-2989049772.8333335,545626421.1666666,21771.333,53.167,1460035333.333,-0.286,1.519,2.248,6.015,0.775,3381370.0,3.945,844460.0
7738,2025-09-26,13078500173.076923,-4477843071.538462,4640903404.384615,6699.462,2634.385,780712461.538,1.272,2.216,3.172,8.392,2.156,4623340.0,1.953,1093810.0
7740,2025-05-29,10384074243.25,2448627810.8333335,-1788779462.5833333,19161.5,599.917,898481750.0,0.857,2.525,4.508,5.281,-1.714,3311370.0,-1.864,773500.0
7743,2025-05-05,2880872966.888889,1718670566.8888888,-2736435016.6666665,-5028.0,9143.667,-705534555.556,4.115,6.085,8.745,10.833,7.18,2501760.0,5.544,808340.0
7744,2025-11-12,-12131003991.272728,-870442723.3636364,2288807680.3636365,8706.091,-1322.636,1594452090.909,-0.466,-0.926,-0.863,-0.424,-1.802,4484050.0,-2.795,946640.0
7747,2025-06-26,4446369928.25,2399902199.5,-2268996534.8333335,2206.583,-1618.75,163743583.333,-0.421,0.321,0.203,2.096,0.641,3279020.0,-0.682,819650.0
7749,2025-05-28,12261803702.545454,2288998968.3636365,-801197047.8181819,19948.364,972.455,985447000.0,1.478,3.217,5.56,6.918,-2.049,3312290.0,-2.251,780220.0
7750,2025-09-02,-9148796248.363636,-863429288.1818181,1212322167.909091,14574.727,1934.0,1571610181.818,1.537,0.807,0.38,1.744,-1.157,4187710.0,2.186,1054180.0
7751,2025-08-11,7030371490.363636,1792332311.3636363,2558499179.2727275,8643.0,-3152.455,866478363.636,-1.623,-0.367,0.877,-0.189,2.598,3448770.0,2.716,1023880.0
7753,2025-07-23,8030923041.5,-738374007.0,3003162100.4166665,14527.667,4569.333,293800583.333,-0.145,1.072,2.367,3.454,2.046,3123010.0,-0.88,909610.0
7757,2025-10-01,1159049421.6363637,-4873091146.090909,3849379596.6363635,-505.818,1259.091,517511363.636,0.793,0.43,0.605,4.047,0.745,4610780.0,0.844,1069520.0
7765,2025-08-22,-1449960831.6923077,-165131298.46153846,204719485.15384614,12005.231,1165.923,1257543000.0,1.695,1.286,1.241,0.837,-0.246,4342730.0,2.456,1276080.0
7767,2025-11-25,-25356256587.363636,-1333512963.5454545,-7012071820.272727,-12128.182,-463.091,-381862727.273,-2.628,-2.824,-4.027,-8.569,-4.609,5202500.0,-2.478,979170.0
7769,2025-11-12,-12131003991.272728,-870442723.3636364,2288807680.3636365,8706.091,-1322.636,1594452090.909,-0.466,-0.926,-0.863,-0.424,-1.802,4484050.0,-2.795,946640.0
7770,2025-11-25,-25356256587.363636,-1333512963.5454545,-7012071820.272727,-12128.182,-463.091,-381862727.273,-2.628,-2.824,-4.027,-8.569,-4.609,5202500.0,-2.478,979170.0
7777,2025-12-05,-12088811613.923077,1669054468.9230769,-2245043016.1538463,-805.077,-578.538,801333538.462,1.898,2.352,3.107,6.617,5.148,4083100.0,5.647,905880.0
7780,2025-08-25,-3718113068.909091,-756702906.4545455,1171015612.8181818,13282.818,1965.727,1424349272.727,1.858,0.476,-0.67,-0.54,-1.537,4326980.0,1.64,1254290.0
7782,2025-10-09,954896225.9090909,-2869669080.909091,5578181844.272727,19946.545,909.818,1492632272.727,0.82,1.139,1.371,8.694,3.11,4397010.0,-0.072,994560.0
7786,2025-11-03,-2249877567.125,-2870367199.25,6327250588.0,6872.875,1115.0,1649219875.0,3.416,2.915,4.515,6.117,3.41,4543260.0,1.16,936430.0
7788,2025-09-26,13078500173.076923,-4477843071.538462,4640903404.384615,6699.462,2634.385,780712461.538,1.272,2.216,3.172,8.392,2.156,4623340.0,1.953,1093810.0
7791,2025-10-09,954896225.9090909,-2869669080.909091,5578181844.272727,19946.545,909.818,1492632272.727,0.82,1.139,1.371,8.694,3.11,4397010.0,-0.072,994560.0
7792,2026-01-13,-1994602830.7777777,-3779862387.0,3977869366.2222223,16482.111,1276.667,1239462888.889,1.659,0.228,0.024,3.592,6.096,6322670.0,5.04,1135970.0
7795,2025-12-31,-11427197153.545454,308699253.27272725,5601699167.0,20723.182,-89.364,1201362909.091,0.522,1.502,1.716,2.475,4.251,4935340.0,5.495,987490.0
7799,2025-08-29,-6893951011.846154,-737136550.7692307,1935773732.1538463,13386.692,2515.923,1514536000.0,3.281,1.451,0.743,2.426,-0.403,4290440.0,3.219,1102490.0
7805,2025-12-05,-12088811613.923077,1669054468.9230769,-2245043016.1538463,-805.077,-578.538,801333538.462,1.898,2.352,3.107,6.617,5.148,4083100.0,5.647,905880.0
7810,2025-12-08,-7265171756.363636,2896030130.090909,1275396058.090909,10190.273,-961.364,1511103363.636,4.587,4.869,6.464,13.6,5.571,4064200.0,4.118,874100.0
7823,2026-01-21,-702051696.6,-6816102415.8,2071512599.3,28333.6,-1226.2,1846606600.0,-0.04,-0.005,-0.073,2.436,4.352,7124850.0,5.745,1302950.0
8102,2025-12-05,-12088811613.923077,1669054468.9230769,-2245043016.1538463,-805.077,-578.538,801333538.462,1.898,2.352,3.107,6.617,5.148,4083100.0,5.647,905880.0
8162,2024-02-20,17246492006.25,-1558024404.0,1801451623.75,-15885.5,2044.0,318319750.0,0.307,1.434,1.774,5.105,3.561,2849810.0,4.645,919730.0
8272,2024-10-02,8932380169.0,2236704545.3636365,16739982.818181818,-34843.818,2461.636,624493363.636,1.66,1.865,2.998,6.248,3.282,3796840.0,2.768,953650.0
8487,2024-03-11,11158843634.5,2502481859.3333335,-1404943754.5,16069.5,141.0,930129666.667,-0.869,1.347,1.729,11.935,4.744,3915690.0,0.345,1333860.0
