證券代號,投標開始日,營收成長率,本期淨利成長率,每股盈餘成長率,ROE,前一期ROE,ROE成長率,ROA,前一期ROA,ROA成長率,每股淨值,前一期每股淨值,每股淨值成長率,負債比,前一期負債比,負債比成長率,營業收入,前一期營業收入,本期淨利,前一期本期淨利,每股盈餘,前一期每股盈餘,歸屬於母公司業主之權益合計,前一期歸屬於母公司業主之權益合計,已發行股份總數,前一期已發行股份總數,負債總計,前一期負債總計,資產總計,前一期資產總計
6026,2016-01-07,-1.795,-3.661,-3.448,-0.068,0.024,-3.833,-0.033,0.01,-4.3,10.401,11.142,-0.067,0.521,0.582,-0.105,-103363.0,130013.0,-163310.0,61366.0,-0.71,0.29,2392301.0,2562581.0,230000000.0,230000000.0,2596953.0,3573110.0,4989254.0,6135691.0
6510,2016-03-04,0.62,1.105,0.769,0.368,0.255,0.443,0.232,0.157,0.478,40.093,27.515,0.457,0.37,0.385,-0.039,1725149.0,1064966.0,413483.0,196419.0,14.77,8.35,1122677.0,770488.0,28002000.0,28002000.0,660418.0,482230.0,1783095.0,1252718.0
2739,2016-04-28,-0.002,0.064,0.19,0.218,0.213,0.023,0.099,0.091,0.088,13.803,13.219,0.044,0.547,0.575,-0.049,4447568.0,4454830.0,302696.0,284402.0,3.0,2.52,1391315.0,1332442.0,100800000.0,100800000.0,1680573.0,1800785.0,3071991.0,3133328.0
6531,2016-05-11,0.07,-0.242,-0.268,0.266,0.446,-0.404,0.227,0.34,-0.332,28.077,43.93,-0.361,0.147,0.239,-0.385,2602510.0,2431973.0,465596.0,614167.0,7.58,10.35,1752164.0,1376783.0,62405300.0,31340400.0,303039.0,431445.0,2055203.0,1808228.0
6523,2016-05-26,0.604,0.781,0.789,0.066,0.039,0.692,0.057,0.035,0.629,36.257,33.899,0.07,0.126,0.099,0.273,234133.0,145995.0,67019.0,37635.0,2.38,1.33,1022232.0,955737.0,28193800.0,28193800.0,147258.0,105168.0,1169490.0,1060905.0
6446,2016-06-29,-0.541,-0.111,-0.114,-0.13,-0.218,0.404,-0.105,-0.144,0.271,6.574,3.624,0.814,0.189,0.337,-0.439,512.0,1116.0,-166985.0,-150304.0,-0.88,-0.79,1283718.0,689561.0,195283200.0,190283200.0,299152.0,351038.0,1582870.0,1040599.0
4552,2016-06-30,0.121,0.244,0.242,0.074,0.064,0.156,0.055,0.048,0.146,38.542,35.883,0.074,0.256,0.257,-0.004,1883873.0,1679813.0,258198.0,207588.0,2.87,2.31,3468797.0,3229454.0,90000000.0,90000000.0,1194941.0,1115752.0,4663738.0,4345206.0
6499,2016-07-06,,-0.992,-0.762,-0.06,-0.028,-1.143,-0.058,-0.027,-1.148,18.641,19.718,-0.055,0.021,0.026,-0.192,,,-49135.0,-24666.0,-1.11,-0.63,821865.0,868662.0,44088300.0,44053300.0,17392.0,23199.0,845057.0,897848.0
8415,2016-08-18,-0.059,0.019,0.0,0.014,0.013,0.077,0.007,0.007,0.0,11.705,12.223,-0.042,0.477,0.471,0.013,2657281.0,2825266.0,96912.0,95127.0,0.16,0.16,7023266.0,7333944.0,600000000.0,600000000.0,6403025.0,6518501.0,13426291.0,13852445.0
6542,2016-08-19,0.928,1.371,1.371,0.062,-0.193,1.321,0.03,-0.09,1.333,20.912,17.97,0.164,0.507,0.532,-0.047,754399.0,391213.0,28994.0,-78171.0,1.12,-3.02,471352.0,405033.0,22540000.0,22540000.0,484571.0,460951.0,955923.0,865984.0
8473,2016-08-19,0.391,0.225,0.159,0.025,0.02,0.25,0.012,0.01,0.2,38.553,39.483,-0.024,0.437,0.413,0.058,481100.0,345834.0,113063.0,92281.0,0.95,0.82,4595056.0,4705851.0,119187300.0,119187300.0,4164941.0,3892861.0,9531725.0,9433234.0
6548,2016-08-25,0.15,-0.33,-0.333,0.012,0.017,-0.294,0.009,0.015,-0.4,29.37,31.148,-0.057,0.244,0.153,0.595,109965.0,95645.0,7894.0,11788.0,0.36,0.54,646314.0,685425.0,22005600.0,22005600.0,208309.0,123955.0,854623.0,809380.0
1598,2016-08-30,0.088,2.236,2.226,0.02,-0.016,2.25,0.007,-0.006,2.167,18.678,18.922,-0.013,0.666,0.649,0.026,952279.0,875635.0,31038.0,-25110.0,0.38,-0.31,1531833.0,1551862.0,82014200.0,82014200.0,3063799.0,2877112.0,4597680.0,4430974.0
6535,2016-09-05,0.0,0.27,0.268,-0.097,-0.109,0.11,-0.093,-0.105,0.114,5.355,6.51,-0.177,0.035,0.038,-0.079,12203.0,0.0,-43571.0,-59655.0,-0.52,-0.71,451038.0,548348.0,84230400.0,84230400.0,16181.0,21552.0,467219.0,569900.0
8279,2016-09-05,0.222,0.124,0.032,0.055,0.053,0.038,0.03,0.026,0.154,23.191,21.632,0.072,0.463,0.508,-0.089,186095.0,152275.0,23795.0,21177.0,1.28,1.24,430422.0,401494.0,18559800.0,18559800.0,371062.0,414024.0,801484.0,815518.0
4438,2016-09-27,-0.017,-0.218,-0.216,0.041,0.046,-0.109,0.019,0.031,-0.387,44.188,50.994,-0.133,0.536,0.325,0.649,2249801.0,2289667.0,167504.0,214267.0,1.82,2.32,4075612.0,4703370.0,92233900.0,92233900.0,4716956.0,2262758.0,8798365.0,6972287.0
2633,2016-10-06,0.005,8.261,1.833,0.019,-0.003,7.333,0.002,-0.0,0.0,10.487,10.74,-0.024,0.874,0.881,-0.008,10062867.0,10009926.0,1107636.0,-152544.0,0.2,-0.24,58781552.0,60202722.0,5605293000.0,5605293000.0,409140144.0,446401494.0,467921696.0,506604216.0
8466,2016-10-12,0.19,-0.22,-0.221,0.084,0.1,-0.16,0.052,0.063,-0.175,28.587,30.799,-0.072,0.383,0.364,0.052,952750.0,800837.0,140391.0,179991.0,2.39,3.07,1678584.0,1808480.0,58719000.0,58719000.0,1043637.0,1035638.0,2722221.0,2844118.0
4943,2016-10-24,-0.22,-0.608,-0.638,0.01,0.027,-0.63,0.005,0.012,-0.583,17.457,17.441,0.001,0.546,0.562,-0.028,415390.0,532661.0,13798.0,35155.0,0.17,0.47,1386821.0,1298405.0,79443500.0,74443500.0,1670895.0,1669212.0,3057716.0,2967617.0
6554,2016-11-22,0.828,3.754,3.708,0.059,-0.019,4.105,0.033,-0.012,3.75,10.962,12.196,-0.101,0.426,0.349,0.221,572177.0,312998.0,85474.0,-31031.0,0.65,-0.24,1444472.0,1602353.0,131766600.0,131382000.0,1103957.0,884642.0,2593163.0,2535641.0
8488,2016-11-23,,,,,,,,,,,,,,,,,,,,,,,,,,,,,
3346,2016-11-29,0.398,12.435,12.75,0.033,0.002,15.5,0.011,0.001,10.0,16.44,16.404,0.002,0.679,0.625,0.086,857598.0,613454.0,33077.0,2462.0,0.55,0.04,989423.0,987245.0,60184000.0,60184000.0,2093485.0,1642494.0,3082908.0,2629739.0
6569,2016-12-01,-0.037,-0.286,-0.286,0.091,0.129,-0.295,0.056,0.082,-0.317,20.392,22.118,-0.078,0.38,0.361,0.053,254606.0,264253.0,29189.0,40893.0,1.85,2.59,321779.0,317279.0,15779600.0,14345100.0,197027.0,179057.0,518806.0,496336.0
6568,2016-12-08,0.491,0.269,0.195,0.09,0.087,0.034,0.063,0.058,0.086,31.284,25.477,0.228,0.3,0.335,-0.104,304542.0,204293.0,63393.0,49938.0,2.82,2.36,702796.0,572348.0,22464900.0,22464900.0,301698.0,288071.0,1004494.0,860419.0
5258,2016-12-12,-0.385,-0.739,-0.739,0.02,0.096,-0.792,0.011,0.043,-0.744,18.19,15.49,0.174,0.457,0.533,-0.143,571500.0,928988.0,24245.0,92922.0,0.37,1.42,1198214.0,967754.0,65870400.0,62478000.0,1054147.0,1153742.0,2304860.0,2165048.0
2939,2017-12-21,0.323,0.624,0.623,0.109,0.084,0.298,0.081,0.061,0.328,30.801,25.821,0.193,0.255,0.278,-0.083,1063370.0,803621.0,154554.0,95146.0,3.36,2.07,1416753.0,1131145.0,45997700.0,43807300.0,485266.0,436575.0,1902397.0,1569908.0
6616,2017-12-20,0.0,0.0,0.0,0.022,0.0,0.0,0.013,0.0,0.0,11.661,10.25,0.138,0.401,0.443,-0.095,211036.0,0.0,5395.0,0.0,0.26,0.0,244879.0,215252.0,21000000.0,21000000.0,164136.0,171430.0,409015.0,386682.0
6596,2017-12-14,0.016,-1.69,-1.667,-0.007,0.011,-1.636,-0.004,0.006,-1.667,20.301,21.624,-0.061,0.426,0.416,0.024,169195.0,166529.0,-2983.0,4323.0,-0.14,0.21,424283.0,410855.0,20900000.0,19000000.0,314957.0,293123.0,739240.0,703978.0
4764,2017-12-14,0.085,0.59,0.588,0.071,0.048,0.479,0.042,0.028,0.5,26.651,25.294,0.054,0.401,0.411,-0.024,1065024.0,981923.0,119452.0,75121.0,1.89,1.19,1688583.0,1555968.0,63359800.0,61514400.0,1137948.0,1094206.0,2839372.0,2664089.0
6613,2017-12-08,-0.344,-0.246,-0.323,0.07,0.102,-0.314,0.018,0.031,-0.419,39.849,35.967,0.108,0.736,0.692,0.064,751200.0,1144529.0,82137.0,108959.0,2.77,4.09,1180645.0,1065619.0,29628000.0,29628000.0,3284989.0,2397140.0,4465634.0,3462759.0
6570,2017-11-21,-0.004,0.104,0.119,0.032,0.028,0.143,0.025,0.023,0.087,14.584,15.079,-0.033,0.205,0.191,0.073,144749.0,145369.0,11552.0,10467.0,0.47,0.42,361466.0,373735.0,24784700.0,24784700.0,93279.0,88507.0,454745.0,462242.0
8478,2017-11-21,4.153,1.578,1.573,0.02,-0.036,1.556,0.009,-0.016,1.562,21.991,26.14,-0.159,0.523,0.546,-0.042,655518.0,127201.0,36520.0,-63193.0,0.43,-0.75,1847595.0,1742807.0,84017300.0,66670900.0,2022317.0,2097979.0,3869912.0,3840786.0
4155,2017-11-15,0.395,9.987,9.5,0.041,0.004,9.25,0.024,0.002,11.0,14.552,14.454,0.007,0.414,0.368,0.125,348721.0,249998.0,39453.0,3591.0,0.63,0.06,954547.0,944804.0,65596200.0,65366700.0,673622.0,550645.0,1628169.0,1495449.0
8499,2017-11-06,,,,,,,,,,,,,,,,,,,,,,,,,,,,,
8342,2017-11-03,-0.528,-0.746,-0.746,0.017,0.056,-0.696,0.007,0.025,-0.72,19.507,23.295,-0.163,0.556,0.535,0.039,234328.0,496479.0,9916.0,39093.0,0.33,1.3,586039.0,699846.0,30042700.0,30042700.0,762349.0,833184.0,1371066.0,1556086.0
6593,2017-10-16,0.073,-0.015,-0.012,0.037,0.039,-0.051,0.017,0.018,-0.056,23.984,22.881,0.048,0.528,0.543,-0.028,205063.0,191162.0,15068.0,15301.0,0.85,0.86,406471.0,387768.0,16947500.0,16947500.0,455396.0,460845.0,861867.0,848613.0
6556,2017-10-11,-0.232,-3.19,-3.133,-0.009,0.004,-3.25,-0.004,0.002,-3.0,34.555,36.597,-0.056,0.591,0.598,-0.012,213617.0,278120.0,-6756.0,3085.0,-0.32,0.15,725659.0,768535.0,21000000.0,21000000.0,1076766.0,1177339.0,1820674.0,1968052.0
2243,2017-09-07,0.087,0.097,0.038,0.139,0.229,-0.393,0.032,0.027,0.185,23.494,63.975,-0.633,0.77,0.882,-0.127,2088502.0,1920638.0,120639.0,109939.0,3.8,3.66,868729.0,479816.0,36977000.0,7500000.0,2902680.0,3595982.0,3771409.0,4075798.0
1268,2017-09-07,0.077,-0.133,-0.139,0.049,0.056,-0.125,0.022,0.026,-0.154,35.29,35.464,-0.005,0.542,0.543,-0.002,795967.0,739346.0,58118.0,66996.0,1.67,1.94,1190094.0,1191577.0,33723000.0,33600000.0,1408880.0,1414078.0,2598974.0,2605655.0
6441,2017-09-07,-0.346,-0.564,-0.526,0.025,0.053,-0.528,0.013,0.036,-0.639,21.403,23.722,-0.098,0.476,0.328,0.451,193605.0,295881.0,12559.0,28827.0,0.55,1.16,492714.0,538895.0,23021300.0,22717500.0,447800.0,263108.0,940514.0,802003.0
6573,2017-09-06,0.023,0.207,0.074,0.09,0.075,0.2,0.039,0.034,0.147,17.724,17.701,0.001,0.562,0.54,0.041,1013796.0,991082.0,89140.0,73831.0,1.6,1.49,989949.0,988642.0,55853000.0,55853000.0,1271775.0,1162896.0,2261724.0,2151538.0
4741,2017-09-06,0.022,-0.076,-0.079,0.035,0.035,0.0,0.021,0.023,-0.087,23.098,25.343,-0.089,0.41,0.345,0.188,188021.0,183969.0,23802.0,25747.0,0.82,0.89,674273.0,735604.0,29191600.0,29026100.0,467740.0,386610.0,1142013.0,1122214.0
6574,2017-08-15,0.362,0.57,0.576,0.132,0.068,0.941,0.095,0.049,0.939,15.787,19.331,-0.183,0.281,0.29,-0.031,231222.0,169745.0,41536.0,26460.0,2.08,1.32,315740.0,386624.0,20000000.0,20000000.0,123292.0,157743.0,439032.0,544367.0
4562,2017-08-01,0.277,-0.309,-0.326,0.02,0.029,-0.31,0.007,0.013,-0.462,15.037,14.855,0.012,0.62,0.539,0.15,319328.0,250018.0,17671.0,25561.0,0.29,0.43,902794.0,891908.0,60040000.0,60040000.0,1480017.0,1049127.0,2388188.0,1946539.0
6579,2017-08-01,-0.044,0.598,0.597,0.073,0.043,0.698,0.043,0.026,0.654,29.424,31.461,-0.065,0.33,0.286,0.154,1466224.0,1534083.0,205738.0,128773.0,2.14,1.34,2824659.0,3020278.0,96000000.0,96000000.0,1595572.0,1391533.0,4837113.0,4865818.0
4807,2017-06-06,-0.276,-0.387,-0.424,0.051,0.086,-0.407,0.031,0.053,-0.415,20.746,20.123,0.031,0.343,0.33,0.039,495291.0,684047.0,36061.0,58814.0,1.06,1.84,703715.0,682583.0,33920000.0,33920000.0,401649.0,365359.0,1170721.0,1108526.0
6582,2017-05-24,0.108,-0.658,-0.66,0.026,0.08,-0.675,0.021,0.063,-0.667,26.19,25.349,0.033,0.215,0.206,0.044,859607.0,776115.0,65420.0,191166.0,0.69,2.03,2470860.0,2391534.0,94345100.0,94345100.0,677395.0,621014.0,3148255.0,3012548.0
4148,2017-05-18,-0.084,0.392,0.398,0.052,0.037,0.405,0.034,0.024,0.417,23.676,23.59,0.004,0.222,0.263,-0.156,462367.0,504514.0,69330.0,49807.0,1.23,0.88,1337693.0,1332857.0,56500000.0,56500000.0,448003.0,555550.0,2019073.0,2113150.0
2937,2017-05-18,0.185,0.506,0.5,0.041,0.029,0.414,0.024,0.012,1.0,14.432,13.835,0.043,0.415,0.58,-0.284,338984.0,286167.0,17918.0,11894.0,0.6,0.4,432975.0,415057.0,30000000.0,30000000.0,306544.0,573058.0,739519.0,988115.0
6497,2017-05-10,,-0.95,-0.561,-0.246,-0.096,-1.562,-0.177,-0.074,-1.392,8.829,11.629,-0.241,0.278,0.226,0.23,,,-250928.0,-128681.0,-2.17,-1.39,1021214.0,1345119.0,115670900.0,115670900.0,392703.0,392753.0,1413917.0,1737872.0
2897,2017-04-14,0.084,-0.048,-0.042,0.056,0.058,-0.034,0.003,0.004,-0.25,12.294,12.415,-0.01,0.908,0.905,0.003,7721971.0,7125605.0,1643898.0,1726066.0,0.69,0.72,29388658.0,29678133.0,2390506300.0,2390506300.0,451013641.0,439704852.0,496884750.0,485986142.0
8489,2017-04-07,0.133,-0.344,-0.379,0.128,0.218,-0.413,0.095,0.165,-0.424,15.573,18.152,-0.142,0.258,0.241,0.071,768273.0,677964.0,45764.0,69783.0,2.0,3.22,357232.0,320291.0,22938500.0,17645000.0,124382.0,101443.0,481614.0,421734.0
6438,2017-04-05,-0.104,-0.552,-0.551,0.124,0.255,-0.514,0.047,0.118,-0.602,19.655,21.374,-0.08,0.621,0.536,0.159,2135307.0,2382054.0,112601.0,251551.0,2.44,5.44,908045.0,987485.0,46200000.0,46200000.0,1485394.0,1140959.0,2393439.0,2128444.0
6492,2017-03-31,0.0,-0.314,-0.314,-0.498,-0.265,-0.879,-0.479,-0.26,-0.842,7.778,11.157,-0.303,0.039,0.021,0.857,128.0,0.0,-255015.0,-194002.0,-3.89,-2.96,511666.0,730727.0,65785600.0,65493100.0,20817.0,15581.0,532483.0,746308.0
2065,2017-03-30,-0.032,0.639,0.634,0.081,0.063,0.286,0.061,0.043,0.419,36.475,28.734,0.269,0.251,0.319,-0.213,1118385.0,1155447.0,88973.0,54282.0,3.04,1.86,1094251.0,862018.0,30000000.0,30000000.0,366423.0,403607.0,1460674.0,1265625.0
6472,2017-03-28,0.192,-0.27,-0.271,0.052,0.072,-0.278,0.033,0.039,-0.154,20.282,20.858,-0.028,0.364,0.461,-0.21,283256.0,237652.0,24571.0,33655.0,1.05,1.44,473541.0,468266.0,23348000.0,22450000.0,271135.0,400028.0,744676.0,868294.0
6577,2017-03-01,-0.088,-0.358,-0.411,0.056,0.078,-0.282,0.034,0.051,-0.333,18.366,20.503,-0.104,0.392,0.353,0.11,413769.0,453591.0,33864.0,52726.0,1.03,1.75,603377.0,673594.0,32852900.0,32852900.0,388417.0,368145.0,991794.0,1041739.0
6533,2017-02-20,0.286,0.004,0.0,-0.008,-0.007,-0.143,-0.008,-0.007,-0.143,21.082,23.161,-0.09,0.029,0.032,-0.094,57500.0,44712.0,-6199.0,-6224.0,-0.17,-0.17,782374.0,832916.0,37111400.0,35961900.0,23761.0,27811.0,806135.0,860727.0
6560,2017-01-04,0.097,-0.552,-0.562,0.034,0.075,-0.547,0.027,0.054,-0.5,16.695,17.323,-0.036,0.203,0.274,-0.259,65448.0,59652.0,8646.0,19310.0,0.57,1.3,252656.0,257998.0,15133500.0,14893500.0,64268.0,97546.0,316924.0,355544.0
8480,2016-12-27,0.033,0.305,0.268,0.081,0.078,0.038,0.068,0.058,0.172,29.672,24.348,0.219,0.164,0.254,-0.354,359189.0,347839.0,74564.0,57117.0,2.41,1.9,916371.0,730455.0,30883000.0,30000000.0,180006.0,248813.0,1096377.0,979268.0
4538,2018-12-24,0.176,0.691,0.703,0.047,0.028,0.679,0.03,0.018,0.667,13.449,13.435,0.001,0.35,0.339,0.032,190050.0,161542.0,26437.0,15635.0,0.63,0.37,564844.0,564290.0,42000000.0,42000000.0,304216.0,288846.0,869060.0,853136.0
4967,2018-12-22,0.037,-0.427,-0.448,0.051,0.113,-0.549,0.028,0.05,-0.44,16.975,15.789,0.075,0.451,0.557,-0.19,1956963.0,1887892.0,51890.0,90620.0,0.9,1.63,1021183.0,798891.0,60157500.0,50597700.0,838429.0,1006279.0,1859612.0,1805170.0
6590,2018-12-05,0.109,3.641,3.632,0.031,-0.012,3.583,0.017,-0.007,3.429,16.034,15.979,0.003,0.43,0.404,0.064,75524.0,68092.0,6512.0,-2466.0,0.5,-0.19,208448.0,207729.0,13000000.0,13000000.0,165432.0,148649.0,384313.0,367688.0
1341,2018-12-05,0.021,-0.577,-0.612,0.027,0.104,-0.74,0.012,0.038,-0.684,19.524,14.135,0.381,0.566,0.64,-0.116,744935.0,729821.0,23243.0,54903.0,0.57,1.47,857111.0,527245.0,43900000.0,37300000.0,1117972.0,935982.0,1975083.0,1463227.0
6670,2018-11-28,0.009,0.593,0.59,0.131,0.092,0.424,0.052,0.031,0.677,29.007,26.07,0.113,0.579,0.642,-0.098,3506365.0,3474280.0,450003.0,282532.0,3.8,2.39,3435263.0,3087490.0,118430000.0,118430000.0,5016069.0,5884004.0,8665989.0,9170291.0
2070,2018-11-27,-0.023,-0.354,-0.349,0.033,0.05,-0.34,0.017,0.025,-0.32,24.539,25.106,-0.023,0.499,0.499,0.0,201227.0,205963.0,26341.0,40756.0,0.82,1.26,792172.0,810508.0,32282800.0,32282800.0,788759.0,806684.0,1580931.0,1617192.0
6668,2018-11-22,0.285,-0.065,-0.158,0.046,0.051,-0.098,0.025,0.036,-0.306,21.775,21.307,0.022,0.453,0.298,0.52,388772.0,302658.0,60778.0,65010.0,1.01,1.2,1316141.0,1279290.0,60441500.0,60041500.0,1090279.0,543402.0,2406420.0,1822692.0
6671,2018-11-21,-0.13,-0.458,-0.463,0.027,0.046,-0.413,0.017,0.031,-0.452,24.348,26.4,-0.078,0.372,0.321,0.159,445451.0,512077.0,35362.0,65289.0,0.65,1.21,1314804.0,1425577.0,54000000.0,54000000.0,780553.0,675515.0,2099793.0,2104760.0
6558,2018-11-15,0.164,-0.001,0.0,0.053,0.055,-0.036,0.037,0.04,-0.075,13.637,13.548,0.007,0.313,0.274,0.142,492206.0,422796.0,55654.0,55706.0,0.74,0.74,1041076.0,1015920.0,76344300.0,74989000.0,474043.0,383849.0,1515119.0,1399769.0
4766,2018-11-08,0.115,0.282,0.254,0.029,0.026,0.115,0.014,0.013,0.077,80.706,68.654,0.176,0.462,0.466,-0.009,4073039.0,3652967.0,251676.0,196377.0,2.32,1.85,8766395.0,7457240.0,108620700.0,108620700.0,8127629.0,7083347.0,17606567.0,15199142.0
6674,2018-11-08,-0.05,0.676,0.678,0.039,0.023,0.696,0.014,0.008,0.75,25.623,25.652,-0.001,0.648,0.651,-0.005,1569364.0,1651451.0,60075.0,35838.0,0.99,0.59,1549943.0,1548113.0,60489700.0,60351300.0,2851781.0,2884310.0,4401724.0,4432423.0
6655,2018-11-08,0.414,0.191,0.103,0.034,0.028,0.214,0.01,0.01,0.0,25.879,26.024,-0.006,0.688,0.639,0.077,640394.0,452863.0,52499.0,44065.0,0.86,0.78,1562830.0,1571567.0,60390000.0,60390000.0,3438892.0,2786502.0,5001722.0,4358069.0
3178,2018-10-30,-0.14,-0.327,-0.329,0.03,0.046,-0.348,0.01,0.018,-0.444,17.401,16.769,0.038,0.629,0.59,0.066,267346.0,310863.0,20420.0,30364.0,0.51,0.76,691706.0,666580.0,39750000.0,39750000.0,1232903.0,970957.0,1960937.0,1644765.0
6667,2018-10-24,0.464,7.033,7.083,0.036,-0.006,7.0,0.014,-0.003,5.667,20.205,21.589,-0.064,0.608,0.545,0.116,260444.0,177930.0,22786.0,-3777.0,0.73,-0.12,632143.0,675435.0,31285900.0,31285900.0,979411.0,808971.0,1611554.0,1484406.0
4767,2018-10-08,0.107,-0.166,-0.175,0.022,0.025,-0.12,0.013,0.015,-0.133,24.086,24.653,-0.023,0.42,0.392,0.071,278609.0,251764.0,14945.0,17925.0,0.52,0.63,690659.0,706929.0,28675000.0,28675000.0,501355.0,456971.0,1194539.0,1166804.0
6654,2018-10-02,1.216,2.524,2.544,0.143,0.048,1.979,0.056,0.019,1.947,19.317,16.246,0.189,0.613,0.614,-0.002,324866.0,146588.0,65418.0,18562.0,2.41,0.68,456195.0,383657.0,23616000.0,23616000.0,721160.0,610024.0,1177355.0,993681.0
6640,2018-10-02,-0.052,0.742,0.744,0.05,0.028,0.786,0.025,0.015,0.667,30.228,31.074,-0.027,0.495,0.46,0.076,244479.0,257932.0,38564.0,22133.0,1.5,0.86,777385.0,799157.0,25717500.0,25717500.0,762589.0,680471.0,1539974.0,1479628.0
5876,2018-09-28,0.05,0.058,0.058,0.03,0.029,0.034,0.002,0.002,0.0,30.262,30.009,0.008,0.907,0.906,0.001,9678833.0,9215972.0,3710929.0,3506343.0,0.91,0.86,123440142.0,122409799.0,4079103100.0,4079103100.0,1627901503.0,1570466703.0,1794816132.0,1733499797.0
4961,2018-09-26,0.328,5.201,5.176,0.054,0.009,5.0,0.026,0.004,5.5,19.246,18.602,0.035,0.511,0.525,-0.027,2380470.0,1791984.0,146154.0,23570.0,1.05,0.17,2723293.0,2632935.0,141496700.0,141540800.0,2841431.0,2894797.0,5564724.0,5517214.0
4568,2018-09-12,0.027,0.409,0.405,0.067,0.045,0.489,0.034,0.025,0.36,27.688,28.801,-0.039,0.495,0.445,0.112,319188.0,310683.0,49724.0,35286.0,1.84,1.31,747588.0,777630.0,27000000.0,27000000.0,732988.0,622547.0,1480576.0,1400177.0
6641,2018-09-03,0.32,1.064,1.06,0.137,0.065,1.108,0.074,0.037,1.0,25.336,25.962,-0.024,0.455,0.424,0.073,906932.0,687305.0,103775.0,50276.0,3.46,1.68,760083.0,778863.0,30000000.0,30000000.0,634425.0,572450.0,1394508.0,1351313.0
6578,2018-08-29,0.071,0.65,0.588,0.011,0.007,0.571,0.008,0.005,0.6,24.312,24.257,0.002,0.297,0.268,0.108,157087.0,146723.0,7020.0,4254.0,0.27,0.17,624183.0,622768.0,25673800.0,25673800.0,263262.0,228288.0,887445.0,851056.0
6664,2018-08-21,0.287,0.431,0.429,0.07,0.048,0.458,0.03,0.024,0.25,26.968,27.867,-0.032,0.581,0.505,0.15,449558.0,349322.0,94967.0,66382.0,1.9,1.33,1348415.0,1393333.0,50000000.0,50000000.0,1867460.0,1419021.0,3215875.0,2812354.0
8367,2018-08-21,0.044,-0.37,-0.368,0.021,0.033,-0.364,0.007,0.012,-0.417,23.053,23.225,-0.007,0.594,0.587,0.012,447860.0,428929.0,35123.0,55790.0,0.48,0.76,1693237.0,1705898.0,73449900.0,73449900.0,2915330.0,2835886.0,4904002.0,4831251.0
4540,2018-07-26,0.545,7.386,7.409,0.065,-0.011,6.909,0.029,-0.005,6.8,21.7,20.174,0.076,0.55,0.563,-0.023,745860.0,482668.0,120082.0,-18805.0,1.41,-0.22,1850566.0,1720384.0,85278000.0,85278000.0,2260841.0,2213833.0,4111407.0,3934217.0
8482,2018-07-26,,,,,,,,,,,,,,,,,,,,,,,,,,,,,
1240,2018-07-19,0.072,-0.192,-0.191,0.028,0.037,-0.243,0.018,0.022,-0.182,32.9,30.597,0.075,0.367,0.421,-0.128,375299.0,350032.0,27834.0,34455.0,0.93,1.15,988911.0,919690.0,30058000.0,30058000.0,574407.0,668182.0,1563318.0,1587872.0
6612,2018-06-28,0.353,2.636,2.75,0.036,0.011,2.273,0.03,0.009,2.333,12.512,11.085,0.129,0.15,0.162,-0.074,78091.0,57702.0,13523.0,3719.0,0.45,0.12,378899.0,335681.0,30282500.0,30282500.0,66871.0,64908.0,447219.0,401475.0
3530,2018-06-26,0.328,-0.199,-0.2,0.029,0.038,-0.237,0.023,0.029,-0.207,14.812,14.359,0.032,0.205,0.232,-0.116,468044.0,352478.0,29621.0,36979.0,0.44,0.55,1008208.0,976142.0,68067900.0,67980900.0,259241.0,294238.0,1267449.0,1270380.0
4744,2018-06-22,0.177,2.5,2.489,0.038,-0.026,2.462,0.019,-0.013,2.462,17.716,17.008,0.042,0.505,0.511,-0.012,280740.0,238535.0,27108.0,-18074.0,0.67,-0.45,712328.0,683868.0,40208700.0,40208700.0,727119.0,714762.0,1439447.0,1398630.0
4563,2018-06-22,0.267,2.021,2.024,0.028,-0.028,2.0,0.014,-0.014,2.0,30.113,29.294,0.028,0.513,0.522,-0.017,411751.0,324908.0,29906.0,-29285.0,0.85,-0.83,1061488.0,1032603.0,35250000.0,35250000.0,1115986.0,1127695.0,2177474.0,2160298.0
8028,2018-06-20,0.007,-0.204,-0.2,0.022,0.029,-0.241,0.013,0.017,-0.235,14.489,13.704,0.057,0.388,0.434,-0.106,462757.0,459690.0,37492.0,47118.0,0.32,0.4,1692664.0,1601064.0,116828000.0,116828000.0,1119941.0,1229540.0,2889726.0,2830604.0
5223,2018-06-11,-0.162,-0.736,-0.739,0.009,0.035,-0.743,0.006,0.021,-0.714,33.578,32.768,0.025,0.371,0.412,-0.1,284486.0,339292.0,11694.0,44316.0,0.3,1.15,1290793.0,1259664.0,38441700.0,38441700.0,759797.0,883480.0,2050590.0,2143144.0
6576,2018-06-08,3.201,0.303,0.361,-0.205,-0.246,0.167,-0.166,-0.211,0.213,6.294,7.542,-0.165,0.191,0.141,0.355,10640.0,2533.0,-103256.0,-148245.0,-1.29,-2.02,503848.0,603661.0,80048400.0,80042600.0,119135.0,99435.0,622983.0,703096.0
4989,2018-06-07,-0.11,-0.543,-0.539,0.044,0.1,-0.56,0.038,0.084,-0.548,16.089,15.375,0.046,0.14,0.164,-0.146,886940.0,996679.0,98925.0,216271.0,0.71,1.54,2252392.0,2152458.0,140000000.0,140000000.0,365168.0,422685.0,2617560.0,2575143.0
4561,2018-05-22,0.211,1.185,1.143,0.039,0.019,1.053,0.018,0.008,1.25,15.272,14.673,0.041,0.549,0.551,-0.004,234833.0,193937.0,30042.0,13751.0,0.6,0.28,765340.0,735298.0,50112400.0,50112400.0,933169.0,901320.0,1698509.0,1636618.0
6561,2018-05-16,0.069,0.372,0.371,0.082,0.067,0.224,0.064,0.05,0.28,21.718,19.75,0.1,0.222,0.256,-0.133,549828.0,514395.0,108872.0,79381.0,1.81,1.32,1325094.0,1185903.0,61013700.0,60045700.0,381104.0,409438.0,1713021.0,1601629.0
3147,2018-05-09,-0.04,0.491,0.496,0.125,0.089,0.404,0.058,0.043,0.349,15.885,14.894,0.067,0.54,0.514,0.051,2271232.0,2367086.0,59627.0,39981.0,1.99,1.33,476640.0,446908.0,30005100.0,30005100.0,559949.0,472550.0,1036589.0,919458.0
6288,2018-04-18,0.067,-0.317,-0.309,0.041,0.058,-0.293,0.019,0.035,-0.457,11.417,11.766,-0.03,0.534,0.401,0.332,2635786.0,2471324.0,70546.0,103313.0,0.47,0.68,1736728.0,1789765.0,152113000.0,152113000.0,1987281.0,1195939.0,3724009.0,2985704.0
5220,2018-04-03,0.212,-0.187,-0.187,0.177,0.221,-0.199,0.108,0.136,-0.206,15.198,15.007,0.013,0.391,0.385,0.016,1246499.0,1028222.0,94205.0,115828.0,2.69,3.31,531946.0,525241.0,35000000.0,35000000.0,341527.0,328443.0,873473.0,853684.0
1587,2018-03-23,-0.124,2.943,2.6,0.01,0.002,4.0,0.004,0.001,3.0,18.211,21.16,-0.139,0.548,0.534,0.026,347050.0,396044.0,10867.0,2756.0,0.18,0.05,1093405.0,1149745.0,60041900.0,54336500.0,1326300.0,1321868.0,2419705.0,2475268.0
6416,2018-03-23,0.101,-0.16,-0.159,0.239,0.292,-0.182,0.129,0.173,-0.254,23.407,22.848,0.024,0.451,0.397,0.136,4036345.0,3665136.0,336510.0,400599.0,5.61,6.67,1405166.0,1371589.0,60030700.0,60030700.0,1176926.0,917458.0,2607452.0,2312173.0
2745,2018-03-23,0.085,5.232,5.15,0.132,0.024,4.5,0.043,0.008,4.375,18.481,16.301,0.134,0.672,0.672,0.0,6387554.0,5886006.0,62474.0,10025.0,2.46,0.4,474267.0,412344.0,25663000.0,25296000.0,970349.0,844887.0,1444616.0,1257231.0
6547,2018-03-26,,-0.624,-0.435,-0.224,-0.143,-0.566,-0.159,-0.115,-0.383,11.118,11.996,-0.073,0.288,0.191,0.508,,,-340290.0,-209584.0,-2.64,-1.84,1521078.0,1469507.0,136815000.0,122500000.0,615414.0,347901.0,2136492.0,1817408.0
5864,2018-03-14,-0.097,-0.344,-0.352,,,,0.025,0.044,-0.432,,,,0.397,0.296,0.341,357717.0,396046.0,126139.0,192231.0,0.59,0.91,,,212283500.0,212283500.0,2036482.0,1295195.0,5133992.0,4377053.0
8440,2018-03-08,0.052,0.396,0.4,0.091,0.067,0.358,0.07,0.056,0.25,13.147,12.796,0.027,0.232,0.168,0.381,613726.0,583566.0,38812.0,27806.0,1.19,0.85,428144.0,416702.0,32565200.0,32565200.0,129398.0,84234.0,557542.0,500936.0
6461,2018-03-08,0.425,-0.907,-0.791,-0.177,-0.079,-1.241,-0.107,-0.06,-0.783,19.36,22.717,-0.148,0.396,0.242,0.636,16608.0,11654.0,-239314.0,-125471.0,-3.42,-1.91,1355228.0,1590214.0,70000000.0,70000000.0,887481.0,507280.0,2242709.0,2097494.0
8497,2018-03-05,0.033,1.345,1.794,0.039,0.016,1.438,0.024,0.009,1.667,24.131,24.775,-0.026,0.339,0.376,-0.098,611416.0,591612.0,28434.0,12127.0,0.95,0.34,724957.0,744308.0,30042800.0,30042800.0,403362.0,490433.0,1188779.0,1303961.0
2630,2018-01-29,-0.32,-0.814,-0.819,0.014,0.076,-0.816,0.009,0.049,-0.816,13.714,13.922,-0.015,0.394,0.349,0.129,504363.0,741543.0,20842.0,111838.0,0.19,1.05,1478771.0,1473375.0,107829600.0,105829600.0,961295.0,788548.0,2440066.0,2261923.0
6625,2018-01-18,0.241,1.223,1.163,0.073,0.039,0.872,0.05,0.02,1.5,12.71,13.542,-0.061,0.311,0.491,-0.367,288309.0,232280.0,28653.0,12887.0,0.93,0.43,391487.0,334044.0,30800500.0,24667100.0,176932.0,322408.0,568419.0,656452.0
4566,2018-01-16,0.228,-0.058,-0.138,0.026,0.038,-0.316,0.01,0.015,-0.333,26.761,21.157,0.265,0.595,0.612,-0.028,809059.0,658787.0,41435.0,43997.0,0.69,0.8,1605672.0,1165767.0,60000000.0,55100000.0,2361461.0,1836706.0,3967133.0,3002473.0
6581,2018-01-10,0.744,1.079,1.068,0.121,0.062,0.952,0.084,0.051,0.647,20.13,18.715,0.076,0.302,0.188,0.606,544673.0,312260.0,242614.0,116720.0,2.42,1.17,2011892.0,1870509.0,99944900.0,99944900.0,871890.0,433613.0,2883782.0,2304122.0
1760,2018-01-03,0.266,0.826,0.857,0.032,0.018,0.778,0.022,0.012,0.833,12.044,13.018,-0.075,0.325,0.323,0.006,314487.0,248423.0,26449.0,14486.0,0.39,0.21,820677.0,806415.0,68139100.0,61944600.0,395750.0,384817.0,1216427.0,1191232.0
5299,2018-01-03,0.605,2.247,2.245,0.095,0.033,1.879,0.065,0.023,1.826,16.718,14.638,0.142,0.318,0.3,0.06,309905.0,193065.0,49424.0,15222.0,1.59,0.49,520880.0,456071.0,31156000.0,31156000.0,242365.0,195801.0,763245.0,651872.0
1796,2018-01-02,-0.246,-0.556,-0.556,0.029,0.061,-0.525,0.019,0.041,-0.537,12.443,13.343,-0.067,0.356,0.329,0.082,89016.0,118065.0,9000.0,20257.0,0.36,0.81,310534.0,332999.0,24956400.0,24956400.0,171945.0,163305.0,482479.0,496304.0
6615,2018-01-02,0.131,-0.039,-0.043,0.029,0.03,-0.033,0.023,0.024,-0.042,15.449,15.51,-0.004,0.218,0.191,0.141,107874.0,95361.0,8427.0,8772.0,0.45,0.47,288439.0,289569.0,18670000.0,18670000.0,80512.0,68510.0,368951.0,358079.0
4580,2019-12-16,0.37,8.24,7.5,0.072,0.009,7.0,0.032,0.004,7.0,30.826,28.061,0.099,0.557,0.541,0.03,580510.0,423736.0,78749.0,8523.0,2.21,0.26,1097110.0,998704.0,35590000.0,35590000.0,1380253.0,1179075.0,2477363.0,2177779.0
6697,2019-12-06,-0.03,0.431,0.143,0.038,0.041,-0.073,0.018,0.012,0.5,16.92,13.614,0.243,0.534,0.706,-0.244,270532.0,278789.0,16196.0,11317.0,0.64,0.56,430141.0,276861.0,25421400.0,20337100.0,493683.0,665376.0,923824.0,942237.0
6527,2019-12-05,0.014,-0.141,-0.142,0.042,0.052,-0.192,0.03,0.038,-0.211,22.62,21.564,0.049,0.296,0.269,0.1,169656.0,167258.0,20525.0,23890.0,0.97,1.13,484519.0,461902.0,21420000.0,21420000.0,203847.0,169584.0,688366.0,631486.0
6706,2019-11-29,1.438,10.561,10.375,0.03,0.003,9.0,0.014,0.001,13.0,30.873,30.09,0.026,0.54,0.64,-0.156,873746.0,358448.0,55263.0,4780.0,0.91,0.08,1872564.0,1811946.0,60652900.0,60216900.0,2198407.0,3227562.0,4070971.0,5039508.0
6715,2019-11-22,-0.131,-0.278,-0.281,0.051,0.078,-0.346,0.029,0.044,-0.341,19.036,17.276,0.102,0.429,0.431,-0.005,484398.0,557143.0,49670.0,68821.0,0.97,1.35,970821.0,881054.0,51000000.0,51000000.0,728592.0,668492.0,1699413.0,1549546.0
6592,2019-11-19,0.07,0.23,0.232,0.054,0.046,0.174,0.005,0.004,0.25,28.831,27.509,0.048,0.903,0.903,0.0,3034750.0,2836542.0,578190.0,470072.0,1.54,1.25,10800251.0,10305301.0,374610400.0,374610400.0,115705832.0,110406555.0,128122133.0,122263803.0
4439,2019-11-15,0.136,-0.0,-0.178,0.077,0.145,-0.469,0.035,0.049,-0.286,62.802,40.759,0.541,0.547,0.662,-0.174,2088174.0,1837709.0,135504.0,135533.0,4.84,5.89,1758459.0,937466.0,28000000.0,23000000.0,2126903.0,1832172.0,3885362.0,2769638.0
6698,2019-11-05,0.469,0.615,0.479,0.075,0.05,0.5,0.048,0.036,0.333,13.908,13.011,0.069,0.285,0.193,0.477,245531.0,167087.0,63353.0,39225.0,1.05,0.71,839237.0,785156.0,60343800.0,60343800.0,378836.0,212631.0,1329739.0,1101363.0
6690,2019-10-08,0.287,-0.129,-0.149,0.069,0.077,-0.104,0.028,0.03,-0.067,16.671,17.033,-0.021,0.585,0.611,-0.043,151074.0,117428.0,14452.0,16584.0,1.14,1.34,210545.0,215125.0,12629600.0,12629600.0,297043.0,337583.0,507588.0,552708.0
6491,2019-09-17,-0.032,-0.278,-0.279,0.041,0.06,-0.317,0.017,0.029,-0.414,35.159,33.464,0.051,0.576,0.516,0.116,740583.0,764925.0,86929.0,120339.0,1.45,2.01,2109516.0,2007842.0,60000000.0,60000000.0,2864489.0,2139562.0,4974005.0,4147404.0
2752,2019-09-04,0.291,0.24,0.17,0.078,0.062,0.258,0.038,0.046,-0.174,26.46,27.452,-0.036,0.508,0.255,0.992,334561.0,259064.0,34011.0,27424.0,1.79,1.53,436381.0,439233.0,16492000.0,16000000.0,452951.0,151224.0,891601.0,592726.0
6642,2019-09-02,-0.109,-0.389,-0.392,0.044,0.064,-0.313,0.033,0.051,-0.353,13.62,15.069,-0.096,0.247,0.215,0.149,100504.0,112822.0,16566.0,27101.0,0.59,0.97,379982.0,420426.0,27899600.0,27899600.0,124789.0,115476.0,504771.0,535902.0
4571,2019-08-27,0.059,0.395,0.345,0.098,0.075,0.307,0.067,0.048,0.396,28.409,26.433,0.075,0.31,0.356,-0.129,801972.0,757387.0,116427.0,83485.0,2.77,2.06,1193191.0,1110191.0,42000000.0,42000000.0,535504.0,614243.0,1728695.0,1724434.0
4931,2019-08-27,0.267,1.593,1.618,0.069,0.027,1.556,0.04,0.017,1.353,12.922,12.705,0.017,0.423,0.388,0.09,595753.0,470064.0,48645.0,18763.0,0.89,0.34,706603.0,694734.0,54683700.0,54683700.0,517930.0,439782.0,1224533.0,1134516.0
6680,2019-08-26,-0.324,-0.563,-0.562,0.053,0.117,-0.547,0.03,0.074,-0.595,16.816,17.365,-0.032,0.426,0.371,0.148,81759.0,120921.0,13297.0,30439.0,0.85,1.94,251574.0,259777.0,14960000.0,14960000.0,186576.0,153234.0,438150.0,413011.0
4572,2019-08-21,0.069,-0.096,-0.094,0.05,0.056,-0.107,0.036,0.043,-0.163,42.181,41.475,0.017,0.27,0.234,0.154,208076.0,194675.0,63215.0,69954.0,2.11,2.33,1265441.0,1244241.0,30000000.0,30000000.0,468283.0,379532.0,1733724.0,1623773.0
4576,2019-08-15,-0.238,-0.48,-0.536,0.017,0.031,-0.452,0.009,0.017,-0.471,23.532,23.864,-0.014,0.467,0.446,0.047,602677.0,790824.0,41498.0,79806.0,0.39,0.84,2503985.0,2539333.0,106408300.0,106408300.0,2273833.0,2112380.0,4872129.0,4739413.0
6589,2019-06-10,0.082,-0.453,-0.021,-0.075,-0.048,-0.562,-0.045,-0.034,-0.324,13.038,14.005,-0.069,0.405,0.298,0.359,81235.0,75083.0,-146857.0,-101059.0,-0.98,-0.96,1945619.0,2087705.0,149223400.0,149066400.0,1325104.0,887573.0,3270723.0,2975278.0
6629,2019-05-17,-0.053,0.561,0.56,0.086,0.055,0.564,0.039,0.025,0.56,15.292,15.251,0.003,0.545,0.547,-0.004,241149.0,254716.0,39322.0,25186.0,1.31,0.84,458765.0,457520.0,30000000.0,30000000.0,549939.0,551708.0,1008922.0,1009458.0
6649,2019-05-16,-1.0,-0.214,-0.213,-0.038,-0.03,-0.267,-0.032,-0.03,-0.067,14.842,15.411,-0.037,0.164,0.02,7.2,0.0,34.0,-17079.0,-14065.0,-0.57,-0.47,445245.0,462324.0,30000000.0,30000000.0,87089.0,9298.0,532334.0,471622.0
6624,2019-05-08,0.155,0.222,0.22,0.224,0.19,0.179,0.089,0.083,0.072,13.811,13.324,0.037,0.603,0.564,0.069,382999.0,331702.0,49589.0,40590.0,3.1,2.54,220979.0,213186.0,16000000.0,16000000.0,335025.0,276332.0,556004.0,489518.0
5283,2019-05-06,-0.061,0.034,0.034,0.262,0.285,-0.081,0.167,0.189,-0.116,46.211,41.086,0.125,0.365,0.338,0.08,5326108.0,5670794.0,809969.0,783489.0,12.13,11.73,3086859.0,2744527.0,66799400.0,66799400.0,1775963.0,1399966.0,4862822.0,4144493.0
6679,2019-04-18,0.607,2.319,1.911,0.163,0.065,1.508,0.122,0.047,1.596,17.817,14.047,0.268,0.255,0.277,-0.079,1103171.0,686346.0,109181.0,32896.0,2.94,1.01,668818.0,506217.0,37537300.0,36037300.0,229234.0,194087.0,898052.0,700304.0
6516,2019-04-15,0.143,0.666,0.659,0.098,0.063,0.556,0.079,0.054,0.463,14.962,16.403,-0.088,0.188,0.152,0.237,331954.0,290519.0,39078.0,23459.0,1.46,0.88,399512.0,371181.0,26702100.0,22628900.0,92641.0,66316.0,492153.0,437497.0
6683,2019-04-01,0.169,0.435,0.353,0.151,0.117,0.291,0.13,0.104,0.25,39.26,35.319,0.112,0.144,0.115,0.252,647822.0,554249.0,146296.0,101916.0,5.94,4.39,966750.0,869703.0,24624500.0,24624500.0,162304.0,112920.0,1129054.0,982623.0
6672,2019-03-26,0.091,0.358,0.25,0.23,0.26,-0.115,0.095,0.069,0.377,27.217,19.56,0.391,0.587,0.734,-0.2,5413656.0,4962230.0,405264.0,298489.0,6.75,5.4,1758608.0,1146471.0,64614300.0,58614300.0,2502134.0,3164182.0,4260742.0,4310653.0
6669,2019-03-07,1.118,3.271,2.488,0.16,0.117,0.368,0.038,0.014,1.714,62.199,28.436,1.187,0.763,0.883,-0.136,48520830.0,22904511.0,1510906.0,353797.0,9.94,2.85,9453315.0,3016446.0,151984800.0,106077500.0,30387666.0,22856488.0,39840981.0,25872934.0
6662,2019-03-06,0.999,1.867,1.897,0.079,0.028,1.821,0.07,0.024,1.917,14.235,14.586,-0.024,0.119,0.163,-0.27,111835.0,55939.0,26284.0,9168.0,1.13,0.39,331601.0,322065.0,23294400.0,22080000.0,44874.0,62743.0,376475.0,384808.0
4760,2019-02-27,0.249,0.791,0.531,0.045,0.028,0.607,0.023,0.015,0.533,16.693,15.386,0.085,0.497,0.446,0.114,213110.0,170645.0,19177.0,10705.0,0.75,0.49,424042.0,386970.0,25403100.0,25151600.0,418567.0,311058.0,842609.0,698028.0
4564,2019-02-13,0.146,0.251,0.241,0.032,0.027,0.185,0.017,0.015,0.133,22.356,21.318,0.049,0.478,0.455,0.051,627070.0,547113.0,111981.0,89492.0,0.72,0.58,3479674.0,3318163.0,155648000.0,155648000.0,3185351.0,2766119.0,6665025.0,6084282.0
6418,2019-01-18,-0.167,-0.298,-0.299,0.035,0.048,-0.271,0.021,0.027,-0.222,13.523,13.792,-0.02,0.393,0.433,-0.092,223570.0,268246.0,14228.0,20267.0,0.47,0.67,411911.0,420105.0,30460000.0,30460000.0,266572.0,320548.0,678483.0,740653.0
6643,2019-01-03,0.096,0.179,0.18,0.159,0.148,0.074,0.122,0.109,0.119,22.199,20.255,0.096,0.236,0.266,-0.113,231642.0,211260.0,101309.0,85926.0,3.54,3.0,635770.0,580092.0,28640000.0,28640000.0,196909.0,210548.0,832679.0,790640.0
6425,2018-12-27,0.362,1.008,0.955,0.102,0.054,0.889,0.046,0.025,0.84,29.91,28.689,0.043,0.553,0.54,0.024,629954.0,462622.0,114980.0,57258.0,3.07,1.57,1122146.0,1068567.0,37517000.0,37247000.0,1386653.0,1254055.0,2508799.0,2322622.0
8104,2018-12-26,0.218,0.241,0.21,0.071,0.069,0.029,0.028,0.022,0.273,23.567,27.856,-0.154,0.606,0.68,-0.109,675704.0,554871.0,100677.0,81104.0,1.67,1.38,1416634.0,1170911.0,60110100.0,42035000.0,2174526.0,2483176.0,3591160.0,3654087.0
6712,2020-12-18,12.375,0.305,0.314,-0.017,-0.023,0.261,-0.016,-0.021,0.238,13.824,15.106,-0.085,0.092,0.071,0.296,27138.0,2029.0,-13340.0,-19197.0,-0.24,-0.35,774138.0,845913.0,56000000.0,56000000.0,78547.0,64846.0,852685.0,910759.0
6751,2020-12-07,-0.204,-0.366,-0.375,0.028,0.044,-0.364,0.012,0.014,-0.143,18.292,18.245,0.003,0.562,0.682,-0.176,212559.0,266919.0,5616.0,8854.0,0.5,0.8,203589.0,203064.0,11130000.0,11130000.0,261134.0,435906.0,464723.0,638970.0
6728,2020-12-07,0.397,8.226,7.586,0.072,-0.011,7.545,0.037,-0.006,7.167,26.688,26.287,0.015,0.472,0.494,-0.045,367051.0,262714.0,38284.0,-5298.0,1.91,-0.29,534300.0,478430.0,20020000.0,18200000.0,482917.0,475818.0,1022966.0,963215.0
6756,2020-12-04,0.068,0.043,0.04,0.087,0.086,0.012,0.061,0.06,0.017,15.036,14.447,0.041,0.301,0.308,-0.023,488713.0,457568.0,78089.0,74877.0,1.3,1.25,902177.0,866802.0,60000000.0,60000000.0,387898.0,386505.0,1290075.0,1253307.0
6762,2020-11-30,0.5,1.197,1.164,0.138,0.079,0.747,0.098,0.053,0.849,23.763,19.017,0.25,0.294,0.327,-0.101,154442.0,102947.0,60630.0,27593.0,3.29,1.52,438155.0,350644.0,18438600.0,18438600.0,182531.0,170169.0,620686.0,520813.0
2755,2020-11-26,0.154,0.401,0.404,0.058,0.045,0.289,0.021,0.016,0.313,21.578,19.885,0.085,0.643,0.647,-0.006,398950.0,345848.0,22525.0,16074.0,1.25,0.89,388413.0,357924.0,18000000.0,18000000.0,698816.0,656467.0,1087229.0,1014391.0
6743,2020-11-24,1.322,1.061,0.964,0.171,0.1,0.71,0.051,0.042,0.214,15.712,13.757,0.142,0.699,0.528,0.324,2076473.0,894246.0,296194.0,143731.0,2.69,1.37,1728308.0,1441769.0,110000000.0,104800000.0,4020961.0,1797450.0,5755832.0,3407314.0
3138,2020-11-23,0.254,1.615,1.596,0.07,0.029,1.414,0.037,0.015,1.467,17.485,16.112,0.085,0.443,0.469,-0.055,306674.0,244523.0,49543.0,18943.0,1.22,0.47,711562.0,655703.0,40695700.0,40695700.0,599769.0,612573.0,1353149.0,1306298.0
6752,2020-11-20,0.061,-0.081,-0.078,0.056,0.064,-0.125,0.028,0.031,-0.097,21.401,20.24,0.057,0.494,0.507,-0.026,268140.0,252817.0,28765.0,31316.0,1.19,1.29,517916.0,489797.0,24200000.0,24200000.0,513673.0,512388.0,1040866.0,1009949.0
6727,2020-11-11,0.004,-0.578,-0.576,0.02,0.049,-0.592,0.005,0.018,-0.722,26.55,25.485,0.042,0.729,0.631,0.155,212054.0,211312.0,9536.0,22585.0,0.53,1.25,479279.0,460056.0,18052100.0,18052100.0,1287058.0,787457.0,1766337.0,1247513.0
1342,2020-11-04,,,,,,,,,,,,,,,,,,,,,,,,,,,,,
4945,2020-11-02,0.38,-0.132,-0.111,0.014,0.017,-0.176,0.012,0.014,-0.143,16.208,16.525,-0.019,0.152,0.164,-0.073,99823.0,72337.0,6161.0,7101.0,0.24,0.27,434384.0,429641.0,26800000.0,26000000.0,77718.0,84347.0,512102.0,513988.0
7556,2020-10-12,0.083,0.171,0.134,0.052,0.044,0.182,0.03,0.027,0.111,21.365,21.31,0.003,0.422,0.386,0.093,108164.0,99873.0,20368.0,17398.0,1.1,0.97,395255.0,394241.0,18500000.0,18500000.0,288020.0,247631.0,683275.0,641872.0
6703,2020-09-25,0.318,1.392,1.393,0.08,0.03,1.667,0.047,0.023,1.043,26.539,30.066,-0.117,0.41,0.231,0.775,329554.0,249992.0,37862.0,15827.0,2.13,0.89,472403.0,535167.0,17800000.0,17800000.0,330618.0,161702.0,806186.0,700373.0
2247,2020-09-17,0.175,0.879,0.877,0.04,0.021,0.905,0.021,0.011,0.909,117.613,120.007,-0.02,0.475,0.461,0.03,10191747.0,8673642.0,340541.0,181265.0,4.75,2.53,8437661.0,8609421.0,71740700.0,71740700.0,7633286.0,7359385.0,16070947.0,15968806.0
8089,2020-09-03,0.385,1.933,1.864,0.066,0.023,1.87,0.034,0.013,1.615,19.151,18.882,0.014,0.479,0.436,0.099,722096.0,521347.0,62682.0,21372.0,1.26,0.44,949808.0,918155.0,49596000.0,48624800.0,873943.0,710520.0,1823751.0,1628675.0
2754,2020-08-28,0.006,-1.18,-1.177,-0.009,0.048,-1.188,-0.003,0.02,-1.15,18.58,19.433,-0.044,0.618,0.585,0.056,498668.0,495451.0,-6325.0,35076.0,-0.17,0.96,703681.0,736004.0,37873000.0,37873000.0,1138746.0,1039622.0,1842427.0,1775626.0
2241,2020-08-06,-0.079,-0.94,-0.941,0.002,0.034,-0.941,0.001,0.018,-0.944,14.057,14.633,-0.039,0.49,0.466,0.052,190606.0,207053.0,2230.0,36866.0,0.03,0.51,1051669.0,1090139.0,74812300.0,74497300.0,1010186.0,951754.0,2061855.0,2041893.0
6754,2020-08-05,0.007,0.245,0.097,0.013,0.01,0.3,0.005,0.004,0.25,26.326,26.184,0.005,0.574,0.606,-0.053,741165.0,736171.0,20370.0,16360.0,0.34,0.31,1579551.0,1571048.0,60000000.0,60000000.0,2127950.0,2415652.0,3707501.0,3986700.0
6588,2020-06-09,-0.163,0.14,0.161,0.016,0.014,0.143,0.011,0.01,0.1,22.112,21.763,0.016,0.308,0.274,0.124,60385.0,72141.0,8279.0,7265.0,0.36,0.31,514663.0,506541.0,23275800.0,23275800.0,228835.0,191497.0,743498.0,698038.0
6598,2020-05-20,0.97,0.402,0.488,-0.092,-0.141,0.348,-0.067,-0.104,0.356,6.739,7.341,-0.082,0.274,0.262,0.046,51419.0,26099.0,-44775.0,-74887.0,-0.62,-1.21,487132.0,530650.0,72290300.0,72285400.0,184134.0,188357.0,671266.0,719007.0
6732,2020-05-19,0.887,0.979,0.959,0.268,0.101,1.653,0.092,0.056,0.643,35.894,48.258,-0.256,0.656,0.44,0.491,1350483.0,715656.0,364074.0,183956.0,9.64,4.92,1356139.0,1823254.0,37781300.0,37781300.0,2581779.0,1434311.0,3937918.0,3257565.0
5546,2020-04-29,0.233,0.038,0.032,0.237,0.285,-0.168,0.089,0.115,-0.226,28.67,24.174,0.186,0.625,0.599,0.043,6122936.0,4967893.0,463081.0,446315.0,7.14,6.92,1951678.0,1563444.0,68075000.0,64675000.0,3257786.0,2334356.0,5209464.0,3897800.0
8284,2020-04-27,0.163,0.48,0.469,0.252,0.189,0.333,0.152,0.115,0.322,17.613,15.867,0.11,0.396,0.391,0.013,1672461.0,1438523.0,183176.0,123765.0,4.48,3.05,725499.0,654882.0,41192000.0,41272000.0,476514.0,419593.0,1202013.0,1074475.0
3543,2020-03-24,-0.164,0.502,0.525,0.031,0.02,0.55,0.017,0.012,0.417,39.321,40.933,-0.039,0.433,0.41,0.056,2967577.0,3549177.0,96183.0,64020.0,1.22,0.8,3123545.0,3251571.0,79436100.0,79436100.0,2412570.0,2261718.0,5567870.0,5513289.0
6716,2020-03-09,0.118,-0.078,-0.098,0.177,0.2,-0.115,0.124,0.168,-0.262,20.154,19.851,0.015,0.298,0.158,0.886,521678.0,466756.0,71420.0,77489.0,3.57,3.96,403416.0,387814.0,20017000.0,19536300.0,171275.0,72559.0,574691.0,460373.0
2743,2020-02-17,0.015,1.134,1.143,0.016,0.008,1.0,0.005,0.003,0.667,18.702,17.685,0.058,0.683,0.614,0.112,1280424.0,1261021.0,8385.0,3929.0,0.3,0.14,527992.0,499270.0,28231700.0,28231700.0,1138209.0,792994.0,1666201.0,1292264.0
4581,2020-02-17,-0.15,-0.621,-0.617,0.026,0.07,-0.629,0.016,0.043,-0.628,24.607,23.929,0.028,0.364,0.379,-0.04,244156.0,287248.0,19048.0,50199.0,0.64,1.67,738209.0,717866.0,30000000.0,30000000.0,422120.0,439143.0,1160635.0,1157270.0
3597,2020-02-17,-0.158,-0.682,-0.689,0.018,0.052,-0.654,0.007,0.02,-0.65,12.708,13.776,-0.078,0.633,0.616,0.028,199118.0,236417.0,7107.0,22335.0,0.23,0.74,394080.0,427215.0,31011200.0,31011200.0,679837.0,684388.0,1073917.0,1111603.0
2756,2021-12-24,0.18,0.158,0.161,0.15,0.167,-0.102,0.047,0.041,0.146,15.849,14.525,0.091,0.684,0.755,-0.094,226761.0,192111.0,36832.0,31817.0,2.38,2.05,245663.0,190644.0,15500600.0,13125000.0,530606.0,586995.0,776269.0,777639.0
6719,2021-12-23,0.207,0.815,0.785,0.145,0.114,0.272,0.085,0.062,0.371,35.601,25.032,0.422,0.414,0.454,-0.088,1671798.0,1385000.0,365139.0,201223.0,5.16,2.89,2517153.0,1766995.0,70705400.0,70589400.0,1778198.0,1468860.0,4295351.0,3235855.0
3592,2021-12-17,0.758,5.845,5.776,0.175,0.039,3.487,0.088,0.02,3.4,107.371,70.64,0.52,0.498,0.492,0.012,6737252.0,3831916.0,1256617.0,183571.0,19.04,2.81,7187082.0,4728858.0,66936800.0,66943400.0,7118759.0,4573222.0,14305841.0,9302080.0
6691,2021-12-13,1.441,2.23,2.216,0.089,0.033,1.697,0.034,0.014,1.429,42.067,52.093,-0.192,0.617,0.575,0.073,2541908.0,1041176.0,225420.0,69786.0,3.73,1.16,2539206.0,2139054.0,60361100.0,41062000.0,4085436.0,2891497.0,6624642.0,5030551.0
4770,2021-12-02,0.573,1.604,1.587,0.086,0.037,1.324,0.048,0.023,1.087,46.799,41.5,0.128,0.441,0.396,0.114,1037747.0,659901.0,277873.0,106693.0,4.01,1.55,3243375.0,2855176.0,69305000.0,68800000.0,2557846.0,1874673.0,5801221.0,4729849.0
6792,2021-11-18,0.29,1.005,1.0,0.077,0.041,0.878,0.048,0.028,0.714,25.277,23.726,0.065,0.378,0.318,0.189,464089.0,359882.0,85101.0,42452.0,1.94,0.97,1106501.0,1038623.0,43775300.0,43775300.0,673085.0,483716.0,1779586.0,1522339.0
6770,2021-11-16,0.493,5.326,4.909,0.085,0.021,3.048,0.041,0.009,3.556,15.317,10.697,0.432,0.51,0.579,-0.119,17291244.0,11583844.0,4418141.0,698368.0,1.3,0.22,52157308.0,33217689.0,3405196200.0,3105196500.0,54305971.0,45696344.0,106463279.0,78914033.0
2945,2021-11-10,0.069,0.114,0.117,0.056,0.05,0.12,0.015,0.013,0.154,22.065,22.007,0.003,0.738,0.741,-0.004,3714153.0,3473162.0,74136.0,66551.0,1.24,1.11,1323910.0,1320406.0,60000000.0,60000000.0,3725785.0,3779124.0,5049695.0,5099530.0
6806,2021-10-26,8.178,3.303,3.0,0.0,-0.001,1.0,0.0,-0.0,0.0,31.557,12.541,1.516,0.267,0.822,-0.675,407883.0,44443.0,1723.0,-748.0,0.02,-0.01,4102367.0,1254051.0,130000000.0,100000000.0,1540524.0,5904722.0,5768905.0,7185531.0
6761,2021-10-19,0.3,1.455,1.451,0.076,0.036,1.111,0.038,0.019,1.0,32.729,28.228,0.159,0.496,0.475,0.044,478166.0,367746.0,53318.0,21715.0,2.5,1.02,697713.0,601771.0,21318100.0,21318100.0,687857.0,545033.0,1385570.0,1146804.0
5222,2021-10-04,0.55,3.279,2.852,0.064,0.016,3.0,0.05,0.012,3.167,16.036,21.579,-0.257,0.21,0.253,-0.17,227308.0,146680.0,61708.0,14421.0,1.04,0.27,966859.0,890576.0,60291800.0,41270600.0,256283.0,301931.0,1223142.0,1192507.0
4440,2021-10-04,0.653,3.609,3.618,0.144,0.036,3.0,0.079,0.018,3.389,17.593,21.405,-0.178,0.45,0.506,-0.111,833030.0,503942.0,152532.0,33095.0,2.54,0.55,1056437.0,924701.0,60048000.0,43200000.0,864508.0,946597.0,1920945.0,1871298.0
2947,2021-09-14,0.072,0.057,-0.012,0.05,0.053,-0.057,0.014,0.014,0.0,32.679,29.207,0.119,0.724,0.737,-0.018,421541.0,393237.0,28329.0,26790.0,1.64,1.66,564314.0,504363.0,17268600.0,17268600.0,1483365.0,1410868.0,2047679.0,1915231.0
6790,2021-09-07,-0.049,-0.164,-0.173,0.083,0.09,-0.078,0.038,0.048,-0.208,15.037,16.471,-0.087,0.531,0.459,0.157,2427871.0,2553802.0,304064.0,363658.0,1.24,1.5,3682574.0,4033908.0,244906000.0,244906000.0,4223074.0,3459927.0,7949810.0,7541547.0
6788,2021-09-07,0.541,0.543,0.491,0.063,0.046,0.37,0.043,0.034,0.265,27.15,23.98,0.132,0.309,0.259,0.193,243063.0,157741.0,53838.0,34897.0,1.7,1.14,857812.0,757666.0,31595700.0,31595700.0,384167.0,265083.0,1241979.0,1022749.0
2753,2021-08-20,0.186,-0.032,-0.032,0.076,0.074,0.027,0.034,0.036,-0.056,31.781,33.581,-0.054,0.533,0.49,0.088,1452315.0,1224916.0,144489.0,149305.0,2.41,2.49,1908264.0,2016345.0,60044800.0,60044800.0,2250760.0,2006672.0,4221296.0,4092212.0
6684,2021-07-22,2.722,4.696,4.676,0.067,-0.021,4.19,0.049,-0.016,4.062,19.676,16.834,0.169,0.262,0.247,0.061,136654.0,36717.0,28187.0,-7626.0,1.36,-0.37,421278.0,359676.0,21411000.0,21366000.0,149290.0,117768.0,570568.0,477444.0
5236,2021-07-09,1.758,3.98,4.0,0.098,0.022,3.455,0.072,0.015,3.8,27.943,24.974,0.119,0.263,0.302,-0.129,565033.0,204868.0,143950.0,28908.0,2.8,0.56,1465598.0,1309895.0,52450100.0,52450100.0,524105.0,566219.0,1989703.0,1876114.0
2250,2021-05-11,-0.05,-0.093,-0.123,0.109,0.151,-0.278,0.035,0.042,-0.167,44.927,39.299,0.143,0.674,0.723,-0.068,3623549.0,3813406.0,107544.0,118624.0,5.2,5.93,988387.0,785980.0,22000000.0,20000000.0,2044683.0,2050694.0,3033070.0,2836674.0
6741,2021-05-05,0.308,1.001,1.0,0.243,0.157,0.548,0.113,0.071,0.592,15.856,12.255,0.294,0.53,0.543,-0.024,875213.0,669222.0,206205.0,103059.0,1.92,0.96,849708.0,656765.0,53590000.0,53590000.0,964759.0,786054.0,1819253.0,1446814.0
3357,2021-04-07,0.336,0.672,0.671,0.206,0.146,0.411,0.119,0.084,0.417,39.186,33.05,0.186,0.423,0.427,-0.009,4478004.0,3351915.0,734671.0,439416.0,8.07,4.83,3565884.0,3007592.0,91000000.0,91000000.0,2609961.0,2237143.0,6175845.0,5244735.0
6768,2021-03-31,-0.215,-0.61,-0.61,0.038,0.094,-0.596,0.025,0.059,-0.576,61.873,64.001,-0.033,0.338,0.376,-0.101,13514535.0,17208037.0,409107.0,1048586.0,2.35,6.02,10782008.0,11152864.0,174260600.0,174260600.0,5512859.0,6707236.0,16294867.0,17860100.0
2211,2021-03-19,0.131,0.102,0.086,0.075,0.075,0.0,0.043,0.052,-0.173,35.055,31.773,0.103,0.302,0.183,0.65,9349649.0,8268207.0,1043649.0,947437.0,2.65,2.44,14001815.0,12690886.0,399426000.0,399426000.0,7255633.0,3325358.0,24053202.0,18170916.0
6776,2021-03-11,0.28,0.547,0.547,0.127,0.088,0.443,0.041,0.027,0.519,20.695,19.424,0.065,0.681,0.697,-0.023,17281341.0,13502936.0,194226.0,125555.0,2.63,1.7,1526212.0,1432504.0,73748400.0,73748400.0,3260398.0,3293856.0,4786852.0,4726360.0
6781,2021-03-02,,,,,,,,,,,,,,,,,,,,,,,,,,,,,
6651,2021-01-12,0.19,0.358,0.349,0.064,0.052,0.231,0.033,0.027,0.222,17.571,17.385,0.011,0.478,0.486,-0.016,319735.0,268654.0,32088.0,23621.0,1.12,0.83,502597.0,452055.0,28603000.0,26002700.0,459653.0,427169.0,962250.0,879224.0
6733,2021-01-08,0.618,-0.106,0.02,-0.06,-0.068,0.118,-0.059,-0.066,0.106,7.998,7.186,0.113,0.023,0.03,-0.233,589.0,364.0,-44266.0,-40026.0,-0.48,-0.49,735786.0,589262.0,92000000.0,82000000.0,17035.0,17993.0,752821.0,607255.0
6661,2021-01-07,-0.218,-0.101,-0.1,0.038,0.041,-0.073,0.026,0.025,0.04,11.75,12.101,-0.029,0.323,0.406,-0.204,98977.0,126585.0,9304.0,10349.0,0.45,0.5,243273.0,250541.0,20704300.0,20704300.0,116104.0,171498.0,359589.0,422250.0
6767,2021-01-05,0.259,-0.118,0.064,-0.053,-0.048,-0.104,-0.046,-0.041,-0.122,13.697,13.634,0.005,0.146,0.147,-0.007,26097.0,20731.0,-19317.0,-17272.0,-0.73,-0.78,361476.0,359795.0,26390000.0,26390000.0,61626.0,61917.0,423102.0,421712.0
6515,2020-12-30,-0.012,-0.096,-0.114,0.096,0.111,-0.135,0.062,0.075,-0.173,53.24,51.721,0.029,0.353,0.324,0.09,826703.0,836738.0,156514.0,173229.0,5.12,5.78,1626633.0,1567052.0,30553000.0,30298000.0,888892.0,749393.0,2515525.0,2316445.0
6747,2020-12-29,0.15,0.093,0.095,0.089,0.082,0.085,0.076,0.068,0.118,32.264,32.09,0.005,0.146,0.166,-0.12,187435.0,162942.0,63077.0,57712.0,2.87,2.62,709809.0,705975.0,22000000.0,22000000.0,121940.0,140808.0,834605.0,848667.0
6865,2022-12-21,0.189,0.412,0.333,0.044,0.032,0.375,0.032,0.021,0.524,20.704,20.41,0.014,0.277,0.343,-0.192,119633.0,100610.0,12007.0,8506.0,0.92,0.69,270499.0,265336.0,13065000.0,13000000.0,103874.0,138730.0,374373.0,404066.0
6708,2022-12-09,-0.065,0.616,0.59,0.049,0.034,0.441,0.037,0.023,0.609,12.661,11.396,0.111,0.256,0.331,-0.227,85590.0,91562.0,15923.0,9855.0,0.62,0.39,324076.0,291697.0,25595800.0,25595800.0,111350.0,144282.0,435426.0,435979.0
8227,2022-11-30,0.543,0.276,0.272,0.095,0.094,0.011,0.048,0.059,-0.186,12.367,9.754,0.268,0.491,0.376,0.306,232629.0,150797.0,38820.0,30422.0,1.17,0.92,410488.0,323761.0,33193000.0,33193000.0,395436.0,194847.0,805924.0,518608.0
6517,2022-11-25,0.23,0.418,0.412,0.088,0.077,0.143,0.063,0.054,0.167,13.617,11.05,0.232,0.284,0.297,-0.044,137034.0,111401.0,33541.0,23649.0,1.2,0.85,380776.0,308992.0,27964100.0,27964100.0,150893.0,130296.0,531669.0,439288.0
3447,2022-11-25,1.155,5.858,5.8,0.117,0.019,5.158,0.03,0.006,4.0,14.445,12.879,0.122,0.742,0.704,0.054,1803371.0,836651.0,118006.0,17207.0,1.7,0.25,1004568.0,895704.0,69546600.0,69546600.0,2891542.0,2132093.0,3896110.0,3027797.0
6874,2022-11-24,-0.208,-0.213,-0.347,0.038,0.055,-0.309,0.012,0.026,-0.538,21.091,18.721,0.127,0.696,0.516,0.349,176247.0,222588.0,11691.0,14853.0,0.62,0.95,305822.0,271454.0,14500000.0,14500000.0,698926.0,289142.0,1004748.0,560596.0
6859,2022-11-08,-0.054,0.636,0.534,0.07,0.046,0.522,0.051,0.034,0.5,45.41,42.252,0.075,0.277,0.267,0.037,290393.0,306834.0,93717.0,57271.0,3.19,2.08,1334139.0,1241365.0,29380000.0,29380000.0,510549.0,453225.0,1844688.0,1694590.0
6782,2022-11-08,0.765,1.845,1.848,0.128,0.049,1.612,0.043,0.017,1.529,22.126,20.343,0.088,0.658,0.644,0.022,733261.0,415382.0,154392.0,54263.0,2.82,0.99,1210871.0,1113317.0,54726700.0,54726700.0,2380648.0,2016078.0,3618970.0,3129395.0
6843,2022-11-01,0.761,6.418,6.44,0.091,0.013,6.0,0.049,0.008,5.125,20.426,18.884,0.082,0.459,0.428,0.072,275543.0,156472.0,55107.0,7429.0,1.86,0.25,604655.0,559010.0,29602000.0,29602000.0,512207.0,418037.0,1116862.0,977047.0
6791,2022-10-25,0.364,0.27,0.276,0.102,0.072,0.417,0.05,0.039,0.282,15.338,17.228,-0.11,0.506,0.461,0.098,232222.0,170217.0,28806.0,22688.0,1.57,1.23,282012.0,316772.0,18387000.0,18387000.0,289387.0,270920.0,571399.0,587692.0
6835,2022-10-21,0.019,0.528,0.497,0.112,0.075,0.493,0.05,0.034,0.471,20.229,19.758,0.024,0.555,0.553,0.004,1386509.0,1360969.0,136142.0,89104.0,2.26,1.51,1217232.0,1188910.0,60172300.0,60172300.0,1520370.0,1470025.0,2737602.0,2658935.0
6695,2022-10-17,0.078,-0.346,-0.448,0.033,0.053,-0.377,0.025,0.039,-0.359,16.177,15.412,0.05,0.238,0.268,-0.112,354585.0,328957.0,45479.0,69515.0,0.53,0.96,1383439.0,1302305.0,85519500.0,84500000.0,431940.0,477934.0,1815379.0,1780239.0
4951,2022-10-14,0.043,0.32,0.304,0.073,0.054,0.352,0.05,0.043,0.163,20.439,20.734,-0.014,0.306,0.191,0.602,154422.0,148081.0,44696.0,33873.0,1.5,1.15,615874.0,625247.0,30132300.0,30156300.0,274686.0,150215.0,898351.0,784689.0
6855,2022-09-16,0.137,2.814,2.37,0.064,0.016,3.0,0.049,0.013,2.769,24.277,25.1,-0.033,0.233,0.172,0.355,106269.0,93429.0,29758.0,7802.0,1.55,0.46,466500.0,482320.0,19216100.0,19216100.0,141369.0,100255.0,607869.0,582575.0
4584,2022-09-15,-0.126,-0.462,-0.462,0.027,0.05,-0.46,0.011,0.02,-0.45,29.096,29.006,0.003,0.606,0.595,0.018,267388.0,305948.0,19293.0,35836.0,0.78,1.45,720996.0,718766.0,24780000.0,24780000.0,1107762.0,1054172.0,1828758.0,1772938.0
6689,2022-08-23,-0.286,-0.746,-0.744,0.012,0.046,-0.739,0.004,0.019,-0.789,28.765,29.054,-0.01,0.633,0.589,0.075,2153844.0,3015250.0,20260.0,79705.0,0.34,1.33,1725895.0,1743222.0,60000000.0,60000000.0,2979822.0,2494439.0,4705731.0,4237674.0
3430,2022-08-19,0.169,0.682,0.681,0.146,0.093,0.57,0.079,0.051,0.549,24.148,22.453,0.075,0.462,0.449,0.029,870090.0,744532.0,104883.0,62363.0,3.53,2.1,718056.0,667665.0,29736100.0,29736100.0,617409.0,545001.0,1335465.0,1212666.0
6834,2022-08-12,0.112,0.296,0.297,0.076,0.058,0.31,0.048,0.04,0.2,17.233,17.447,-0.012,0.371,0.305,0.216,652319.0,586524.0,104441.0,80603.0,1.31,1.01,1375666.0,1392759.0,79827100.0,79827100.0,812004.0,612201.0,2187670.0,2004960.0
6830,2022-08-11,0.148,0.056,0.037,0.032,0.029,0.103,0.018,0.019,-0.053,43.698,45.539,-0.04,0.437,0.351,0.245,420050.0,365824.0,57921.0,54853.0,1.4,1.35,1803718.0,1879726.0,41277200.0,41277200.0,1402732.0,1017122.0,3206450.0,2896848.0
6811,2022-07-20,,,,,,,,,,,,,,,,,,,,,,,,,,,,,
6823,2022-06-10,0.617,0.916,0.902,0.037,0.018,1.056,0.018,0.009,1.0,21.132,22.46,-0.059,0.513,0.485,0.058,248305.0,153543.0,13823.0,7216.0,0.78,0.41,375359.0,398940.0,17762500.0,17762500.0,396114.0,375122.0,771473.0,774062.0
6789,2022-06-10,0.389,0.415,0.402,0.055,0.041,0.341,0.032,0.024,0.333,32.179,30.401,0.058,0.422,0.409,0.032,2295552.0,1652436.0,522866.0,369532.0,1.78,1.27,9443045.0,8916575.0,293456100.0,293299100.0,6881520.0,6172600.0,16324565.0,15089175.0
4577,2022-05-24,0.308,0.656,0.653,0.046,0.03,0.533,0.022,0.014,0.571,26.911,25.367,0.061,0.53,0.522,0.015,410964.0,314223.0,53397.0,32249.0,1.24,0.75,1157543.0,1091113.0,43013300.0,43013300.0,1304767.0,1193443.0,2462310.0,2284556.0
6550,2022-05-16,0.262,-0.599,-0.48,-0.036,-0.023,-0.565,-0.032,-0.021,-0.524,10.051,10.035,0.002,0.109,0.078,0.397,3402.0,2695.0,-262627.0,-164203.0,-0.37,-0.25,7237463.0,7213877.0,720047900.0,718845100.0,885657.0,608227.0,8123120.0,7822104.0
6796,2022-05-12,0.207,0.228,0.204,0.137,0.139,-0.014,0.093,0.088,0.057,16.201,17.337,-0.066,0.321,0.369,-0.13,485871.0,402473.0,66481.0,54124.0,2.3,1.91,486121.0,390308.0,30006200.0,22512800.0,229717.0,228021.0,715838.0,618329.0
6546,2022-05-04,0.815,1.208,1.22,0.095,0.048,0.979,0.046,0.023,1.0,25.423,22.99,0.106,0.514,0.513,0.002,1056140.0,581986.0,145580.0,65922.0,2.42,1.09,1531304.0,1384781.0,60232900.0,60232900.0,1622042.0,1457597.0,3153346.0,2842378.0
5228,2022-04-29,0.384,0.962,0.966,0.105,0.059,0.78,0.043,0.024,0.792,16.297,14.802,0.101,0.594,0.588,0.01,706903.0,510845.0,57582.0,29343.0,1.71,0.87,547242.0,497057.0,33579300.0,33579300.0,799737.0,707977.0,1346979.0,1205034.0
6585,2022-04-29,0.278,3.486,3.461,0.116,0.028,3.143,0.061,0.014,3.357,39.339,36.308,0.083,0.473,0.493,-0.041,2539743.0,1987850.0,280246.0,62477.0,4.55,1.02,2421214.0,2234689.0,61548000.0,61548000.0,2176936.0,2169214.0,4598150.0,4403903.0
6799,2022-04-21,0.66,1.015,1.013,0.404,0.324,0.247,0.267,0.252,0.06,18.603,11.523,0.614,0.339,0.22,0.541,1054785.0,635552.0,275950.0,136973.0,7.51,3.73,683282.0,423225.0,36729100.0,36729100.0,350909.0,119344.0,1034191.0,542569.0
4583,2022-04-18,0.158,0.251,0.232,0.112,0.094,0.191,0.075,0.073,0.027,106.005,100.179,0.058,0.326,0.226,0.442,3291062.0,2842043.0,862450.0,689184.0,11.83,9.6,7730743.0,7305863.0,72928400.0,72928400.0,3739987.0,2132950.0,11470730.0,9438813.0
6721,2022-04-11,0.067,-0.005,-0.005,0.252,0.272,-0.074,0.127,0.139,-0.086,21.572,20.129,0.072,0.498,0.489,0.018,2216920.0,2078325.0,108872.0,109453.0,5.44,5.47,431446.0,402574.0,20000000.0,20000000.0,428322.0,384601.0,859768.0,787175.0
6735,2022-04-11,0.333,0.305,0.306,0.249,0.213,0.169,0.161,0.143,0.126,17.717,15.814,0.12,0.354,0.328,0.079,453725.0,340312.0,155027.0,118765.0,4.4,3.37,623629.0,556638.0,35200000.0,35200000.0,341128.0,271808.0,964757.0,828446.0
6807,2022-04-01,0.414,0.107,-0.874,0.139,0.133,0.045,0.071,0.075,-0.053,33.842,32.068,0.055,0.491,0.437,0.124,4176181.0,2953477.0,211965.0,191504.0,4.71,37.48,1522868.0,1443057.0,45000000.0,45000000.0,1470243.0,1120854.0,2993111.0,2563911.0
4768,2022-03-22,0.313,0.304,0.265,0.111,0.116,-0.043,0.05,0.057,-0.123,19.224,14.865,0.293,0.467,0.419,0.115,700381.0,533539.0,67763.0,51973.0,2.15,1.7,612592.0,446561.0,31866100.0,30041300.0,639610.0,381237.0,1368804.0,908905.0
6804,2022-03-11,-0.392,-0.929,-0.939,0.002,0.032,-0.938,0.001,0.013,-0.923,27.099,25.503,0.063,0.573,0.605,-0.053,294027.0,483813.0,1432.0,20283.0,0.05,0.82,742521.0,631397.0,27400000.0,24758000.0,996329.0,967449.0,1738850.0,1598846.0
3349,2022-03-03,0.186,0.21,0.217,0.067,0.063,0.063,0.032,0.026,0.231,12.416,11.275,0.101,0.53,0.59,-0.102,370560.0,312502.0,28446.0,23505.0,0.84,0.69,422124.0,371841.0,33997400.0,32978300.0,475533.0,534500.0,897657.0,906341.0
4558,2022-02-24,0.5,0.716,0.716,0.08,0.054,0.481,0.03,0.022,0.364,15.853,13.585,0.167,0.629,0.599,0.05,577329.0,384940.0,55937.0,32601.0,1.27,0.74,699097.0,599095.0,44100000.0,44100000.0,1186298.0,893119.0,1885395.0,1492214.0
6763,2022-02-22,0.378,0.746,0.746,0.645,0.528,0.222,0.078,0.061,0.279,33.193,26.718,0.242,0.879,0.884,-0.006,1406842.0,1021129.0,317412.0,181842.0,21.42,12.27,491968.0,344347.0,14821300.0,12888100.0,3563260.0,2625920.0,4055228.0,2970267.0
4923,2022-02-21,0.604,5.418,5.379,0.089,0.016,4.562,0.062,0.012,4.167,20.326,17.391,0.169,0.301,0.279,0.079,291125.0,181552.0,45265.0,7053.0,1.85,0.29,508154.0,434783.0,25000000.0,25000000.0,218640.0,168484.0,726794.0,603267.0
8438,2022-02-18,0.496,1.839,1.794,0.045,0.017,1.647,0.024,0.009,1.667,20.83,19.154,0.088,0.475,0.505,-0.059,1081261.0,722559.0,59103.0,20820.0,0.95,0.34,1310173.0,1204782.0,62899000.0,62899000.0,1187168.0,1231581.0,2497341.0,2436363.0
6829,2022-02-18,0.0,9942.0,19.5,0.044,-0.0,0.0,0.031,-0.0,0.0,25.121,21.317,0.178,0.292,0.304,-0.039,503612.0,0.0,59646.0,-6.0,1.11,-0.06,1351253.0,1042392.0,53790000.0,48900000.0,556195.0,454350.0,1907448.0,1496742.0
6693,2022-02-08,0.424,5.259,5.133,0.077,0.014,4.5,0.032,0.006,4.333,11.851,10.225,0.159,0.58,0.556,0.043,316343.0,222109.0,37226.0,5948.0,0.92,0.15,481611.0,415541.0,40640000.0,40640000.0,665628.0,521225.0,1147239.0,936766.0
5244,2021-12-29,0.05,-0.097,-0.094,0.049,0.059,-0.169,0.037,0.044,-0.159,19.461,18.003,0.081,0.239,0.259,-0.077,287993.0,274398.0,57825.0,64049.0,0.96,1.06,1175338.0,1087295.0,60394100.0,60394100.0,370057.0,380566.0,1545395.0,1467861.0
6906,2023-12-25,1.014,0.845,0.833,0.086,0.042,1.048,0.066,0.031,1.129,15.345,16.884,-0.091,0.234,0.272,-0.14,113355.0,56286.0,40320.0,21854.0,1.32,0.72,468667.0,515691.0,30542400.0,30542400.0,143343.0,193054.0,612010.0,708745.0
6534,2023-12-06,0.197,-0.51,-0.5,-0.02,-0.014,-0.429,-0.013,-0.009,-0.444,22.332,21.504,0.039,0.344,0.347,-0.009,110936.0,92667.0,-43553.0,-28842.0,-0.45,-0.3,2168084.0,2087678.0,97083000.0,97083000.0,1139076.0,1107597.0,3307160.0,3195275.0
6645,2023-12-01,-0.266,-1.274,-1.28,-0.051,-0.02,-1.55,-0.035,-0.014,-1.5,11.222,14.448,-0.223,0.318,0.312,0.019,100910.0,137441.0,-26348.0,-11586.0,-0.57,-0.25,516201.0,582273.0,46000000.0,40300000.0,240399.0,264552.0,756600.0,846825.0
2949,2023-11-27,0.094,1.2,1.189,0.036,0.018,1.0,0.011,0.006,0.833,32.274,28.99,0.113,0.634,0.578,0.097,1041792.0,952021.0,25431.0,11562.0,1.16,0.53,710037.0,637770.0,22000000.0,22000000.0,1457522.0,1047537.0,2299805.0,1811174.0
6937,2023-11-22,0.063,-0.385,-0.437,0.046,0.079,-0.418,0.03,0.049,-0.388,32.229,30.481,0.057,0.335,0.377,-0.111,537753.0,505771.0,89406.0,145466.0,1.47,2.61,1955563.0,1849495.0,60677300.0,60677300.0,982927.0,1121151.0,2938490.0,2970646.0
2948,2023-11-22,-0.075,-0.56,-0.587,0.026,0.065,-0.6,0.011,0.029,-0.621,32.495,29.649,0.096,0.586,0.554,0.058,578885.0,625849.0,21048.0,47856.0,0.85,2.06,806196.0,735586.0,24810000.0,24810000.0,1142986.0,912466.0,1949182.0,1648052.0
6904,2023-11-15,0.181,0.09,0.091,0.078,0.079,-0.013,0.042,0.039,0.077,44.401,40.288,0.102,0.466,0.512,-0.09,249267.0,211068.0,57247.0,52540.0,3.47,3.18,732611.0,664755.0,16500000.0,16500000.0,640562.0,698152.0,1373173.0,1362907.0
6742,2023-11-15,-0.662,-0.973,-0.977,0.003,0.107,-0.972,0.002,0.072,-0.972,18.181,20.607,-0.118,0.336,0.33,0.018,121050.0,358373.0,3614.0,132199.0,0.05,2.22,1173627.0,1237452.0,64553400.0,60049700.0,594662.0,608497.0,1768289.0,1845949.0
6916,2023-11-15,-0.464,-0.739,-0.752,0.038,0.15,-0.747,0.017,0.061,-0.721,16.454,18.151,-0.093,0.536,0.595,-0.099,501602.0,935234.0,37363.0,143220.0,0.62,2.5,987243.0,952941.0,60000000.0,52500000.0,1145765.0,1402734.0,2136038.0,2357778.0
4442,2023-11-09,-0.111,-0.386,-0.392,0.045,0.071,-0.366,0.03,0.039,-0.231,17.639,18.257,-0.034,0.327,0.451,-0.275,532580.0,598963.0,19384.0,31585.0,0.79,1.3,431620.0,446759.0,24469900.0,24469900.0,209794.0,367477.0,641414.0,814236.0
6894,2023-11-09,-0.323,-0.319,-0.34,0.038,0.051,-0.255,0.029,0.039,-0.256,43.281,47.162,-0.082,0.202,0.207,-0.024,155180.0,229152.0,33316.0,48921.0,1.63,2.47,883017.0,962193.0,20402000.0,20402000.0,233587.0,262566.0,1159063.0,1266745.0
5292,2023-11-01,-0.215,0.605,0.606,0.083,0.055,0.509,0.035,0.022,0.591,31.709,30.094,0.054,0.576,0.593,-0.029,398941.0,508095.0,81524.0,50778.0,2.65,1.65,976643.0,926895.0,30800000.0,30800000.0,1327918.0,1351321.0,2304561.0,2278216.0
6922,2023-10-20,-0.215,-0.523,-0.55,0.04,0.075,-0.467,0.023,0.051,-0.549,24.487,28.025,-0.126,0.419,0.311,0.347,245274.0,312374.0,22537.0,47262.0,0.99,2.2,559618.0,634374.0,22854100.0,22635600.0,403821.0,285753.0,963439.0,920127.0
6805,2023-10-20,0.208,0.398,0.398,0.076,0.053,0.434,0.03,0.022,0.364,38.663,39.467,-0.02,0.602,0.582,0.034,1415120.0,1171367.0,178315.0,127564.0,2.95,2.11,2337356.0,2385942.0,60453900.0,60453900.0,3533044.0,3317628.0,5870400.0,5703570.0
6933,2023-10-19,-0.135,0.618,0.615,0.116,0.076,0.526,0.057,0.04,0.425,35.06,33.326,0.052,0.506,0.466,0.086,3098720.0,3581899.0,147416.0,91128.0,4.07,2.52,1268336.0,1205604.0,36175800.0,36175800.0,1297072.0,1052367.0,2565408.0,2257971.0
6658,2023-10-13,-0.076,-0.671,-0.673,0.011,0.034,-0.676,0.005,0.015,-0.667,30.902,31.508,-0.019,0.482,0.509,-0.053,311961.0,337751.0,10561.0,32127.0,0.35,1.07,927931.0,946135.0,30028000.0,30028000.0,949302.0,1085928.0,1967821.0,2132623.0
6856,2023-10-05,0.002,-0.067,-0.062,0.049,0.047,0.043,0.034,0.038,-0.105,18.585,20.543,-0.095,0.299,0.182,0.643,92571.0,92347.0,21768.0,23333.0,0.91,0.97,446044.0,493028.0,24000000.0,24000000.0,194285.0,112444.0,649296.0,617197.0
2254,2023-10-02,-0.77,-1.258,-1.26,-0.032,0.119,-1.269,-0.011,0.043,-1.256,11.937,12.601,-0.053,0.667,0.636,0.049,90945.0,396057.0,-23350.0,90663.0,-0.39,1.5,720463.0,760523.0,60355700.0,60355700.0,1446030.0,1330729.0,2166493.0,2091252.0
6526,2023-09-26,-0.399,-0.733,-0.733,0.039,0.118,-0.669,0.016,0.06,-0.733,47.612,59.572,-0.201,0.586,0.492,0.191,3516076.0,5851969.0,273309.0,1022068.0,1.88,7.03,6927799.0,8668121.0,145505700.0,145505700.0,9787097.0,8404726.0,16714896.0,17072847.0
6901,2023-08-30,0.374,0.367,0.367,-0.152,-0.205,0.259,-0.149,-0.203,0.266,14.908,17.402,-0.143,0.019,0.013,0.462,-1405814.0,-2244746.0,-1437576.0,-2269861.0,-2.26,-3.57,9466485.0,11050360.0,635000000.0,635000000.0,178926.0,144061.0,9645411.0,11194421.0
6870,2023-08-25,0.395,0.087,-0.018,0.037,0.033,0.121,0.022,0.021,0.048,29.566,30.94,-0.044,0.402,0.345,0.165,135317.0,97008.0,21660.0,19927.0,1.11,1.13,579494.0,606430.0,19600000.0,19600000.0,398485.0,332241.0,992392.0,962660.0
6895,2023-08-02,0.023,-0.055,-0.057,0.044,0.042,0.048,0.038,0.036,0.056,18.514,20.387,-0.092,0.144,0.159,-0.094,109029.0,106551.0,25349.0,26832.0,0.82,0.87,573929.0,631999.0,31000000.0,31000000.0,96662.0,119417.0,670591.0,751416.0
4569,2023-07-11,-0.068,-0.619,-0.618,0.012,0.032,-0.625,0.011,0.029,-0.621,85.707,84.468,0.015,0.083,0.087,-0.046,300087.0,322039.0,27938.0,73350.0,1.02,2.67,2356955.0,2322867.0,27500000.0,27500000.0,214294.0,221654.0,2571249.0,2544521.0
2073,2023-06-01,-0.089,-0.402,-0.396,0.019,0.032,-0.406,0.01,0.017,-0.412,16.831,16.483,0.021,0.459,0.476,-0.036,133017.0,146084.0,7896.0,13197.0,0.32,0.53,420729.0,412035.0,24998000.0,24998000.0,356560.0,374162.0,777289.0,786197.0
6877,2023-05-29,0.057,1.935,1.929,0.026,0.009,1.889,0.014,0.005,1.8,15.82,15.405,0.027,0.451,0.477,-0.055,83083.0,78635.0,12445.0,4240.0,0.41,0.14,474829.0,462384.0,30015000.0,30015000.0,390358.0,421820.0,865187.0,884204.0
6657,2023-05-23,0.937,-0.84,-0.826,-0.103,-0.051,-1.02,-0.099,-0.049,-1.02,8.212,9.014,-0.089,0.038,0.045,-0.156,1548.0,799.0,-56341.0,-30625.0,-0.84,-0.46,548960.0,602556.0,66845000.0,66845000.0,21791.0,28306.0,570751.0,630862.0
6821,2023-05-02,0.121,0.992,1.0,0.116,0.062,0.871,0.074,0.036,1.056,19.242,18.059,0.066,0.368,0.417,-0.118,551981.0,492263.0,62677.0,31467.0,2.24,1.12,538789.0,505652.0,28000000.0,28000000.0,313724.0,361098.0,852513.0,866750.0
6584,2023-04-27,-0.021,0.506,0.353,0.083,0.066,0.258,0.037,0.023,0.609,26.864,24.931,0.078,0.553,0.652,-0.152,1998723.0,2040556.0,130657.0,86774.0,2.26,1.67,1571275.0,1308729.0,58489800.0,52494000.0,1942078.0,2450708.0,3513353.0,3759437.0
6846,2023-04-24,0.017,0.105,0.101,0.261,0.216,0.208,0.176,0.157,0.121,23.021,25.141,-0.084,0.327,0.274,0.193,705307.0,693767.0,146735.0,132775.0,6.01,5.46,562015.0,613765.0,24413300.0,24413300.0,272797.0,231092.0,834812.0,844857.0
6861,2023-03-07,-0.028,0.001,-0.071,0.243,0.312,-0.221,0.099,0.117,-0.154,22.822,18.199,0.254,0.592,0.626,-0.054,1886619.0,1940758.0,198717.0,198523.0,5.62,6.05,816622.0,636682.0,35781500.0,34984500.0,1183319.0,1067106.0,1999941.0,1703788.0
6840,2023-03-06,0.077,0.045,0.044,0.179,0.192,-0.068,0.098,0.101,-0.03,32.771,29.283,0.119,0.454,0.473,-0.04,888195.0,825059.0,134918.0,129165.0,5.87,5.62,753412.0,673225.0,22990000.0,22990000.0,627260.0,603666.0,1380672.0,1276891.0
6606,2023-03-06,0.031,-0.078,-0.081,0.098,0.094,0.043,0.067,0.056,0.196,15.006,17.0,-0.117,0.307,0.396,-0.225,901150.0,874070.0,143967.0,156163.0,1.47,1.6,1464951.0,1659560.0,97623800.0,97623800.0,659391.0,1104265.0,2150297.0,2787090.0
6863,2023-03-01,,,,,,,,,,,,,,,,,,,,,,,,,,,,,
2645,2023-02-20,0.22,1.814,1.794,0.059,0.023,1.565,0.027,0.01,1.7,29.854,27.577,0.083,0.535,0.567,-0.056,3067373.0,2514813.0,621716.0,220935.0,1.76,0.63,10532552.0,9729337.0,352806900.0,352806900.0,12100236.0,12720555.0,22632788.0,22449892.0
6753,2023-02-16,0.475,-0.627,-0.622,0.02,0.058,-0.655,0.006,0.018,-0.667,18.43,20.799,-0.114,0.707,0.689,0.026,922832.0,625494.0,35978.0,96537.0,0.37,0.98,1806112.0,1663943.0,98000000.0,80000000.0,4360082.0,3692873.0,6166194.0,5356816.0
6841,2023-02-07,0.904,0.166,0.15,-0.01,-0.012,0.167,-0.01,-0.012,0.167,16.292,16.77,-0.029,0.015,0.025,-0.4,9785.0,5139.0,-15185.0,-18210.0,-0.17,-0.2,1466318.0,1509298.0,90000000.0,90000000.0,22435.0,38968.0,1488753.0,1548266.0
7715,2024-12-25,0.543,7.382,7.437,0.04,-0.007,6.714,0.017,-0.002,9.5,25.301,23.743,0.066,0.591,0.663,-0.109,399341.0,258751.0,30034.0,-4706.0,1.03,-0.16,741883.0,688539.0,29322500.0,29000000.0,1073421.0,1355832.0,1815304.0,2044371.0
6994,2024-12-25,0.795,2.188,2.333,0.006,0.002,2.0,0.002,0.001,1.0,15.865,15.615,0.016,0.745,0.708,0.052,392552.0,218752.0,6023.0,1889.0,0.1,0.03,951877.0,936883.0,60000000.0,60000000.0,2787758.0,2268811.0,3740479.0,3205694.0
6931,2024-12-25,0.125,-0.17,-0.133,0.012,0.015,-0.2,0.004,0.005,-0.2,10.684,11.23,-0.049,0.653,0.61,0.07,254603.0,226289.0,7653.0,9220.0,0.13,0.15,641571.0,619837.0,60052200.0,55195000.0,1268885.0,1027366.0,1942793.0,1684229.0
7714,2024-12-25,0.032,-0.271,-0.299,0.069,0.097,-0.289,0.031,0.044,-0.295,13.921,15.642,-0.11,0.551,0.546,0.009,292674.0,283561.0,17912.0,24582.0,0.96,1.37,259346.0,253403.0,18630000.0,16200000.0,318625.0,305035.0,577971.0,558438.0
7732,2024-12-24,-0.123,-1.136,-1.118,-0.004,0.028,-1.143,-0.003,0.023,-1.13,27.361,25.992,0.053,0.178,0.197,-0.096,202924.0,231483.0,-6050.0,44339.0,-0.1,0.85,1641660.0,1559496.0,60000000.0,60000000.0,354405.0,382628.0,1996065.0,1942124.0
7712,2024-12-06,-0.021,-0.264,-0.311,0.041,0.065,-0.369,0.027,0.038,-0.289,40.74,35.366,0.152,0.351,0.405,-0.133,351149.0,358772.0,49423.0,67156.0,1.68,2.44,1198727.0,1040620.0,29423900.0,29423900.0,647691.0,708126.0,1846418.0,1748746.0
6982,2024-11-28,0.191,0.919,0.905,0.042,0.023,0.826,0.012,0.007,0.714,19.164,18.011,0.064,0.71,0.68,0.044,413932.0,347552.0,28260.0,14727.0,0.8,0.42,677427.0,636676.0,35349100.0,35349100.0,1658203.0,1355858.0,2335630.0,1992534.0
7704,2024-11-26,0.008,-0.412,-0.407,0.021,0.036,-0.417,0.017,0.029,-0.414,29.973,29.916,0.002,0.219,0.189,0.159,186045.0,184533.0,19446.0,33099.0,0.64,1.08,917275.0,915528.0,30603300.0,30603300.0,257214.0,213058.0,1174489.0,1128586.0
6885,2024-11-26,0.0,0.642,0.692,-0.046,-0.114,0.596,-0.045,-0.111,0.595,13.39,15.002,-0.107,0.016,0.024,-0.333,66.0,0.0,-70726.0,-197643.0,-0.61,-1.98,1549917.0,1736513.0,115754000.0,115754000.0,25271.0,42158.0,1575188.0,1778671.0
6997,2024-11-26,-0.143,-0.063,-0.066,0.078,0.09,-0.133,0.021,0.02,0.05,18.152,16.815,0.08,0.731,0.78,-0.063,1029615.0,1200982.0,28525.0,30447.0,1.42,1.52,364057.0,336489.0,20055500.0,20011500.0,990062.0,1194939.0,1354119.0,1531428.0
6955,2024-11-21,0.283,0.542,0.543,0.044,0.033,0.333,0.039,0.029,0.345,16.289,16.297,-0.0,0.117,0.122,-0.041,57051.0,44459.0,14036.0,9103.0,0.71,0.46,320062.0,278457.0,19648900.0,17086000.0,42321.0,38806.0,362383.0,317263.0
8045,2024-11-21,-0.504,-0.966,-0.967,0.005,0.118,-0.958,0.003,0.067,-0.955,15.825,18.047,-0.123,0.373,0.432,-0.137,390685.0,787155.0,5912.0,173179.0,0.07,2.12,1290064.0,1471200.0,81520800.0,81520800.0,767219.0,1120442.0,2056885.0,2591268.0
6996,2024-11-20,0.127,0.245,0.244,0.094,0.079,0.19,0.066,0.056,0.179,46.318,44.038,0.052,0.294,0.288,0.021,784197.0,695546.0,164994.0,132544.0,4.34,3.49,1761191.0,1674507.0,38024300.0,38024300.0,731686.0,676474.0,2492877.0,2350981.0
7722,2024-11-15,0.301,-0.16,-0.158,0.019,0.025,-0.24,0.008,0.011,-0.273,98.643,89.797,0.099,0.57,0.575,-0.009,1594644.0,1225380.0,112056.0,133374.0,1.87,2.22,5918591.0,5387793.0,60000000.0,60000000.0,7831383.0,7293601.0,13749974.0,12681394.0
6720,2024-11-14,0.241,1.58,1.448,0.078,0.037,1.108,0.054,0.025,1.16,18.134,14.703,0.233,0.313,0.342,-0.085,122408.0,98652.0,31824.0,12335.0,1.42,0.58,407634.0,329598.0,22478500.0,22417500.0,185732.0,171388.0,593366.0,500986.0
6962,2024-11-06,,,,,,,,,,,,,,,,,,,,,,,,,,,,,
7705,2024-11-06,0.105,-0.438,-0.436,0.054,0.101,-0.465,0.019,0.035,-0.457,20.217,19.24,0.051,0.646,0.655,-0.014,1659390.0,1501253.0,66220.0,117921.0,1.1,1.95,1221522.0,1162479.0,60419300.0,60419300.0,2228280.0,2209369.0,3450035.0,3372026.0
7708,2024-10-25,0.092,2.158,1.978,0.046,0.015,2.067,0.021,0.007,2.0,29.843,29.359,0.016,0.549,0.526,0.044,583122.0,534019.0,31523.0,9982.0,1.37,0.46,686385.0,675246.0,23000000.0,23000000.0,835084.0,749316.0,1521469.0,1424562.0
7703,2024-10-23,-0.093,-0.494,-0.63,0.028,0.051,-0.451,0.019,0.038,-0.5,45.24,48.907,-0.075,0.308,0.25,0.232,465571.0,513151.0,40107.0,79255.0,1.27,3.43,1429587.0,1545455.0,31600000.0,31600000.0,634996.0,515473.0,2064583.0,2060928.0
6988,2024-10-07,-0.134,-0.556,-0.559,0.009,0.02,-0.55,0.005,0.013,-0.615,16.503,16.308,0.012,0.418,0.368,0.136,206785.0,238863.0,6772.0,15264.0,0.15,0.34,759131.0,750152.0,46000000.0,46000000.0,544761.0,436260.0,1303892.0,1186412.0
2646,2024-10-04,0.51,0.943,0.375,0.015,0.013,0.154,0.003,0.002,0.5,7.396,5.299,0.396,0.794,0.86,-0.077,8337428.0,5522818.0,277551.0,142851.0,0.11,0.08,18775411.0,11068132.0,2538735000.0,2088735000.0,72571142.0,68007307.0,91346553.0,79075439.0
6862,2024-10-02,0.403,0.765,0.68,0.089,0.056,0.589,0.053,0.03,0.767,37.342,33.408,0.118,0.402,0.472,-0.148,527852.0,376360.0,145845.0,82635.0,3.31,1.97,1643054.0,1469948.0,44000000.0,44000000.0,1103886.0,1313777.0,2746940.0,2783725.0
8272,2024-10-02,0.16,0.271,0.254,0.036,0.026,0.385,0.023,0.017,0.353,22.065,23.866,-0.075,0.356,0.345,0.032,95017.0,81930.0,13594.0,10693.0,0.79,0.63,379461.0,410438.0,17197800.0,17197800.0,210190.0,216466.0,589651.0,626904.0
6919,2024-09-11,-0.319,-0.064,0.059,-0.053,-0.044,-0.205,-0.051,-0.043,-0.186,48.135,53.701,-0.104,0.025,0.022,0.136,7848.0,11528.0,-176650.0,-165999.0,-1.27,-1.35,3355968.0,3740950.0,69719400.0,69662400.0,87810.0,85553.0,3443778.0,3826503.0
6913,2024-09-10,0.401,1.138,1.122,0.04,0.019,1.105,0.022,0.01,1.2,26.135,26.175,-0.002,0.402,0.43,-0.065,518987.0,370481.0,39370.0,18417.0,1.04,0.49,992092.0,982358.0,37960300.0,37530200.0,723845.0,807645.0,1802181.0,1877597.0
1294,2024-09-05,0.298,0.108,0.102,0.1,0.105,-0.048,0.047,0.045,0.044,18.275,20.555,-0.111,0.524,0.569,-0.079,217062.0,167209.0,46219.0,41723.0,1.83,1.66,461236.0,398089.0,25238800.0,19366900.0,511265.0,529562.0,975669.0,930943.0
6967,2024-09-04,0.026,-0.49,-0.492,0.031,0.059,-0.475,0.018,0.036,-0.5,29.784,30.81,-0.033,0.435,0.384,0.133,362947.0,353588.0,20870.0,40955.0,0.92,1.81,672302.0,695450.0,22572500.0,22572500.0,518328.0,433688.0,1190630.0,1129138.0
6923,2024-09-04,1.002,1.077,1.074,0.079,0.037,1.135,0.034,0.017,1.0,21.342,21.748,-0.019,0.565,0.538,0.05,559090.0,279263.0,139212.0,67028.0,1.68,0.81,1763362.0,1796893.0,82624400.0,82624400.0,2290493.0,2094972.0,4053855.0,3891865.0
4772,2024-08-30,0.659,2.64,2.6,0.042,0.012,2.5,0.038,0.011,2.455,12.836,12.707,0.01,0.113,0.046,1.457,187728.0,113187.0,75012.0,20608.0,0.54,0.15,1774384.0,1756582.0,138236600.0,138236600.0,225290.0,83763.0,1999674.0,1840345.0
2751,2024-08-21,0.15,-0.437,-0.435,0.083,0.121,-0.314,0.03,0.052,-0.423,13.065,15.896,-0.178,0.634,0.57,0.112,336525.0,292513.0,18453.0,32769.0,1.09,1.93,222101.0,270227.0,17000000.0,17000000.0,385294.0,358192.0,607395.0,628419.0
6969,2024-08-20,0.212,-0.265,-0.067,-0.184,-0.123,-0.496,-0.052,-0.04,-0.3,5.908,6.996,-0.156,0.72,0.675,0.067,73756.0,60866.0,-51522.0,-40739.0,-1.44,-1.35,279875.0,331397.0,47370700.0,47370700.0,718858.0,688961.0,998733.0,1020358.0
6739,2024-08-13,0.075,0.114,0.0,0.053,0.045,0.178,0.031,0.033,-0.061,16.414,17.519,-0.063,0.413,0.27,0.53,73065.0,67948.0,17634.0,15827.0,0.88,0.88,333089.0,354454.0,20293000.0,20233000.0,234236.0,130942.0,567325.0,485396.0
6958,2024-07-31,0.162,-0.408,-0.404,0.011,0.02,-0.45,0.001,0.002,-0.5,26.988,26.436,0.021,0.894,0.893,0.001,2922670.0,2515567.0,107530.0,181612.0,0.31,0.52,9477969.0,9284232.0,351193100.0,351193100.0,80071560.0,77516069.0,89549529.0,86800301.0
6968,2024-07-25,0.157,0.153,0.034,0.056,0.052,0.077,0.015,0.013,0.154,16.383,15.456,0.06,0.732,0.742,-0.013,709539.0,613361.0,36894.0,32001.0,0.92,0.89,653689.0,616701.0,39900000.0,39900000.0,1790189.0,1773339.0,2444342.0,2390467.0
6838,2024-07-22,0.0,0.767,0.797,-0.018,-0.073,0.753,-0.011,-0.048,0.771,8.239,8.499,-0.031,0.363,0.339,0.071,127800.0,0.0,-19471.0,-83686.0,-0.15,-0.74,1105240.0,1140029.0,134142100.0,134142100.0,631439.0,586211.0,1737251.0,1726781.0
7584,2024-07-05,-0.078,-0.688,-0.688,0.061,0.176,-0.653,0.035,0.118,-0.703,22.867,25.493,-0.103,0.428,0.329,0.301,151090.0,163814.0,20290.0,65068.0,1.4,4.48,332160.0,370303.0,14525800.0,14525800.0,248266.0,181300.0,580426.0,551603.0
3150,2024-06-12,0.026,-2.861,-2.5,-0.002,0.001,-3.0,-0.002,0.001,-3.0,13.711,14.504,-0.055,0.157,0.104,0.51,67693.0,65947.0,-1416.0,761.0,-0.03,0.02,574475.0,607700.0,41898000.0,41898000.0,106725.0,70879.0,681200.0,678579.0
6957,2024-06-04,-0.338,-0.437,-0.443,0.171,0.235,-0.272,0.062,0.124,-0.5,26.559,34.591,-0.232,0.636,0.473,0.345,984008.0,1486860.0,223153.0,396553.0,4.57,8.21,1303216.0,1684284.0,49068000.0,48691000.0,2274101.0,1513338.0,3577317.0,3197622.0
6951,2024-05-31,0.203,0.195,0.197,0.044,0.038,0.158,0.026,0.022,0.182,16.828,16.095,0.046,0.396,0.406,-0.025,130784.0,108760.0,29314.0,24522.0,0.73,0.61,673110.0,643796.0,40000000.0,40000000.0,446712.0,446100.0,1128405.0,1098673.0
6617,2024-05-28,0.0,-0.172,-0.158,-0.019,-0.017,-0.118,-0.016,-0.014,-0.143,11.708,11.607,0.009,0.146,0.134,0.09,5444.0,0.0,-25457.0,-21729.0,-0.22,-0.19,1326982.0,1315493.0,113336100.0,113336100.0,226068.0,203531.0,1547804.0,1515348.0
6637,2024-05-28,0.296,0.239,0.243,0.074,0.065,0.138,0.046,0.042,0.095,28.434,26.212,0.085,0.382,0.349,0.095,171357.0,132239.0,44991.0,36309.0,2.1,1.69,609914.0,562251.0,21450000.0,21450000.0,377557.0,300944.0,987471.0,863195.0
6952,2024-05-23,0.516,2.652,2.565,0.033,-0.02,2.65,0.019,-0.012,2.583,21.898,21.182,0.034,0.386,0.406,-0.049,338336.0,223223.0,43490.0,-26318.0,0.72,-0.46,1330289.0,1286799.0,60750000.0,60750000.0,871893.0,918551.0,2258590.0,2262620.0
6890,2024-05-22,0.408,18.241,18.765,0.039,0.002,18.5,0.026,0.001,25.0,85.665,80.66,0.062,0.298,0.295,0.01,7770937.0,5519810.0,738643.0,38389.0,3.36,0.17,18846320.0,17745185.0,220000000.0,220000000.0,8469772.0,7832734.0,28391995.0,26559309.0
6903,2024-05-22,-0.023,-0.096,-0.096,0.081,0.098,-0.173,0.062,0.071,-0.127,39.171,35.979,0.089,0.239,0.276,-0.134,809653.0,828939.0,193460.0,213975.0,3.19,3.53,2373765.0,2180305.0,60600000.0,60600000.0,744430.0,829837.0,3118195.0,3010142.0
6794,2024-05-06,0.708,0.077,0.291,-0.141,-0.273,0.484,-0.123,-0.22,0.441,10.711,7.881,0.359,0.13,0.194,-0.33,24589.0,14397.0,-84108.0,-91155.0,-1.56,-2.2,596442.0,333854.0,55684500.0,42360500.0,89487.0,80459.0,685929.0,414313.0
6771,2024-05-02,-0.095,-0.085,-0.085,0.191,0.216,-0.116,0.108,0.117,-0.077,24.877,24.126,0.031,0.429,0.448,-0.042,609242.0,672972.0,138846.0,151762.0,4.76,5.2,725895.0,703988.0,29179500.0,29179500.0,553302.0,581576.0,1289281.0,1298035.0
6881,2024-04-30,0.432,0.434,0.434,0.298,0.228,0.307,0.12,0.098,0.224,36.827,33.527,0.098,0.598,0.57,0.049,1521800.0,1062793.0,148069.0,103283.0,10.97,7.65,497161.0,452617.0,13500000.0,13500000.0,740358.0,600487.0,1237519.0,1053104.0
6423,2024-04-29,-0.183,-0.561,-0.562,0.102,0.21,-0.514,0.088,0.176,-0.5,11.684,12.99,-0.101,0.136,0.159,-0.145,187384.0,229420.0,32017.0,72964.0,1.19,2.72,313254.0,348265.0,26810000.0,26810000.0,49326.0,65919.0,362580.0,414184.0
6928,2024-04-25,0.123,0.245,0.099,0.187,0.181,0.033,0.118,0.097,0.216,18.372,15.286,0.202,0.368,0.464,-0.207,3721340.0,3315035.0,257868.0,207192.0,3.44,3.13,1377898.0,1146462.0,75000000.0,75000000.0,801210.0,993840.0,2179108.0,2140302.0
1563,2024-04-22,0.215,0.044,-0.007,0.079,0.08,-0.013,0.035,0.033,0.061,36.103,33.352,0.082,0.555,0.585,-0.051,7779316.0,6401739.0,608436.0,582675.0,2.88,2.9,7735335.0,7281353.0,214255100.0,218315100.0,9640729.0,10280242.0,17376064.0,17561595.0
6953,2024-04-22,0.152,0.122,-0.15,0.311,0.369,-0.157,0.121,0.123,-0.016,26.863,24.405,0.101,0.61,0.667,-0.085,1207145.0,1047953.0,228243.0,203415.0,8.36,9.84,733307.0,550569.0,27297600.0,22560000.0,1147407.0,1104529.0,1880714.0,1655098.0
4949,2024-04-18,-0.196,-0.621,-0.653,0.121,0.333,-0.637,0.084,0.179,-0.531,26.485,27.859,-0.049,0.305,0.464,-0.343,4502252.0,5597815.0,194296.0,512608.0,3.2,9.22,1607767.0,1537426.0,60705000.0,55186400.0,705608.0,1331390.0,2313375.0,2868816.0
6914,2024-04-12,0.27,0.649,0.647,0.241,0.175,0.377,0.076,0.056,0.357,37.804,31.497,0.2,0.686,0.682,0.006,4273123.0,3363619.0,548425.0,332613.0,9.11,5.53,2277004.0,1897106.0,60232000.0,60232000.0,4984065.0,4070966.0,7261069.0,5968072.0
6899,2024-03-15,-0.262,-0.131,-0.131,0.108,0.128,-0.156,0.087,0.093,-0.065,41.785,40.752,0.025,0.199,0.275,-0.276,1041691.0,1411841.0,174555.0,200807.0,4.53,5.21,1611254.0,1571435.0,38560500.0,38560500.0,399861.0,595299.0,2011372.0,2167870.0
8487,2024-03-11,-0.013,1.227,1.128,0.254,0.192,0.323,0.164,0.09,0.822,21.387,14.473,0.478,0.357,0.531,-0.328,968411.0,981131.0,136163.0,61140.0,5.98,2.81,535416.0,318922.0,25035000.0,22035000.0,297067.0,361282.0,832483.0,680204.0
6929,2024-03-08,-0.054,-0.852,-0.852,0.018,0.126,-0.857,0.005,0.039,-0.872,20.409,19.792,0.031,0.715,0.693,0.032,3122894.0,3302732.0,14803.0,100054.0,0.37,2.5,816347.0,791689.0,40000000.0,40000000.0,2044506.0,1784145.0,2860853.0,2575834.0
6875,2024-03-06,0.0,4.718,4.222,0.188,-0.082,3.293,0.162,-0.078,3.077,20.997,13.722,0.53,0.138,0.048,1.875,314500.0,0.0,230654.0,-62033.0,2.03,-0.63,1229042.0,761117.0,58535200.0,55466900.0,196499.0,38248.0,1425541.0,799365.0
3168,2024-03-06,-0.168,-0.239,-0.237,0.057,0.069,-0.174,0.024,0.028,-0.143,20.92,22.451,-0.068,0.341,0.386,-0.117,1006016.0,1208430.0,82265.0,108054.0,1.19,1.56,1451852.0,1558057.0,69399600.0,69399600.0,1177929.0,1501744.0,3450015.0,3891345.0
2941,2024-02-29,0.276,-0.169,-0.174,0.067,0.083,-0.193,0.038,0.051,-0.255,17.125,16.635,0.029,0.437,0.386,0.132,190187.0,149017.0,15991.0,19242.0,1.14,1.38,239579.0,232718.0,13990000.0,13990000.0,186075.0,146173.0,425654.0,378891.0
5548,2024-02-26,0.572,2.841,2.5,0.068,0.02,2.4,0.021,0.006,2.5,14.549,13.858,0.05,0.683,0.677,0.009,530903.0,337733.0,35410.0,9218.0,0.98,0.28,523765.0,464230.0,36000000.0,33500000.0,1128850.0,974541.0,1652615.0,1438771.0
4771,2024-02-26,0.35,0.747,0.745,0.106,0.06,0.767,0.04,0.03,0.333,30.832,31.502,-0.021,0.563,0.37,0.522,703507.0,521129.0,170809.0,97768.0,3.28,1.88,1617268.0,1638342.0,52454700.0,52007700.0,2384201.0,1187634.0,4231757.0,3209809.0
8162,2024-02-20,-0.201,-0.9,-0.902,0.003,0.024,-0.875,0.002,0.015,-0.867,18.521,20.874,-0.113,0.427,0.38,0.124,236173.0,295604.0,3218.0,32129.0,0.05,0.51,1197597.0,1349720.0,64660000.0,64660000.0,891287.0,827803.0,2088884.0,2177523.0
6844,2024-02-16,-0.102,-0.522,-0.591,0.013,0.033,-0.606,0.008,0.019,-0.579,83.297,78.345,0.063,0.344,0.418,-0.177,883297.0,984119.0,36949.0,77239.0,1.05,2.57,2918922.0,2353662.0,35042400.0,30042400.0,1531058.0,1692429.0,4449980.0,4046091.0
6692,2024-01-15,-0.416,-1.076,-1.074,-0.004,0.05,-1.08,-0.002,0.02,-1.1,18.052,21.606,-0.164,0.559,0.611,-0.085,387878.0,663791.0,-3262.0,43092.0,-0.07,0.95,827315.0,854886.0,45830000.0,39567200.0,1048721.0,1344225.0,1876036.0,2199111.0
4588,2024-01-09,0.886,4.229,4.235,0.058,0.013,3.462,0.026,0.005,4.2,15.365,13.196,0.164,0.555,0.609,-0.089,244581.0,129703.0,34686.0,6633.0,0.89,0.17,597972.0,513165.0,38918000.0,38888000.0,746764.0,798828.0,1344736.0,1311993.0
2762,2024-01-04,,,,,,,,,,,,,,,,,,,,,,,,,,,,,
6785,2024-01-04,0.0,1.144,1.143,0.004,-0.023,1.174,0.003,-0.023,1.13,8.591,9.026,-0.048,0.269,0.016,15.812,800.0,0.0,1732.0,-12057.0,0.03,-0.21,489684.0,514501.0,57000000.0,57000000.0,179930.0,8103.0,669614.0,522604.0
6725,2025-12-12,0.363,0.379,0.378,0.104,0.075,0.387,0.043,0.035,0.229,42.63,42.796,-0.004,0.589,0.533,0.105,1105959.0,811519.0,146930.0,106520.0,4.45,3.23,1406795.0,1412274.0,33000000.0,33000000.0,2014243.0,1614877.0,3421038.0,3027151.0
6620,2025-12-08,1.335,0.425,0.276,0.047,0.047,0.0,0.045,0.043,0.047,28.276,22.078,0.281,0.046,0.094,-0.511,489533.0,209670.0,209458.0,146994.0,1.34,1.05,4489770.0,3117317.0,158783100.0,141197100.0,215482.0,324087.0,4705252.0,3441404.0
7810,2025-12-08,0.161,1.508,1.217,0.03,0.012,1.5,0.024,0.01,1.4,33.8,34.69,-0.026,0.214,0.188,0.138,120194.0,103558.0,18328.0,7309.0,1.02,0.46,608392.0,624411.0,18000000.0,18000000.0,165854.0,144446.0,774246.0,768857.0
7777,2025-12-05,-0.148,-0.194,-0.214,0.02,0.024,-0.167,0.02,0.024,-0.167,10.747,11.135,-0.035,0.007,0.011,-0.364,42518.0,49931.0,36777.0,45629.0,0.22,0.28,1800096.0,1865075.0,167500000.0,167500000.0,12918.0,20420.0,1813014.0,1885495.0
6272,2025-12-05,0.422,4.936,4.542,0.067,0.012,4.583,0.023,0.004,4.75,19.927,18.879,0.056,0.612,0.603,0.015,1093537.0,768994.0,96719.0,16293.0,1.33,0.24,1447988.0,1371847.0,72664000.0,72664000.0,2520413.0,2293164.0,4116831.0,3805638.0
7805,2025-12-05,,,,,,,,,,,,,,,,,,,,,,,,,,,,,
8102,2025-12-05,-0.172,-0.464,-0.47,0.045,0.071,-0.366,0.031,0.051,-0.392,13.558,16.029,-0.154,0.312,0.281,0.11,108121.0,130576.0,13123.0,24463.0,0.61,1.15,289620.0,342395.0,21361400.0,21361400.0,131510.0,133769.0,421130.0,476164.0
6884,2025-12-02,-0.133,-0.249,-0.247,0.04,0.05,-0.2,0.014,0.018,-0.222,13.826,14.684,-0.058,0.643,0.627,0.026,278761.0,321474.0,8864.0,11803.0,0.55,0.73,224120.0,238031.0,16210000.0,16210000.0,409497.0,405483.0,636603.0,646481.0
6910,2025-11-26,0.316,0.327,0.327,0.054,0.041,0.317,0.042,0.031,0.355,12.703,12.692,0.001,0.22,0.232,-0.052,105276.0,79994.0,18460.0,13910.0,0.69,0.52,342080.0,341809.0,26930000.0,26930000.0,96352.0,103013.0,438432.0,444822.0
6730,2025-11-25,0.07,0.288,0.306,0.034,0.027,0.259,0.018,0.015,0.2,18.852,18.073,0.043,0.461,0.466,-0.011,126399.0,118172.0,20390.0,15831.0,0.64,0.49,604760.0,579798.0,32080200.0,32080200.0,517161.0,506338.0,1121921.0,1086136.0
7770,2025-11-25,0.023,-0.239,-0.238,0.064,0.072,-0.111,0.043,0.047,-0.085,14.964,17.436,-0.142,0.328,0.348,-0.057,148423.0,145084.0,26043.0,34207.0,0.96,1.26,406596.0,473785.0,27172100.0,27172100.0,198416.0,253107.0,605012.0,726892.0
7767,2025-11-25,-0.064,0.011,-0.019,0.039,0.038,0.026,0.013,0.016,-0.188,27.095,27.482,-0.014,0.665,0.58,0.147,528081.0,564228.0,27930.0,27616.0,1.05,1.07,720188.0,730478.0,26580000.0,26580000.0,1429904.0,1007062.0,2150092.0,1737540.0
7744,2025-11-12,0.783,0.518,0.493,0.12,0.088,0.364,0.073,0.055,0.327,47.582,42.639,0.116,0.389,0.37,0.051,663797.0,372224.0,163376.0,107621.0,5.69,3.81,1365608.0,1223731.0,28700000.0,28700000.0,867838.0,717231.0,2233446.0,1940962.0
7769,2025-11-12,1.289,2.066,2.038,0.193,0.086,1.244,0.106,0.054,0.963,116.236,84.974,0.368,0.448,0.372,0.204,8197806.0,3581607.0,3616875.0,1179719.0,22.39,7.37,18783744.0,13731810.0,161600000.0,161600000.0,15243343.0,8134043.0,34027087.0,21865853.0
6474,2025-11-06,-0.11,-0.173,-0.171,0.03,0.033,-0.091,0.013,0.016,-0.188,28.941,31.37,-0.077,0.548,0.525,0.044,994465.0,1117108.0,40381.0,48830.0,0.87,1.05,1350860.0,1464226.0,46676200.0,46676200.0,1640696.0,1618877.0,2991556.0,3083103.0
6831,2025-11-06,0.985,-0.203,-0.25,0.017,0.02,-0.15,0.007,0.011,-0.364,24.873,26.213,-0.051,0.581,0.444,0.309,1041018.0,524420.0,25383.0,31863.0,0.42,0.56,1492356.0,1572765.0,60000000.0,60000000.0,2069774.0,1256777.0,3562130.0,2829542.0
6614,2025-11-07,0.019,-0.349,-0.35,0.06,0.086,-0.302,0.02,0.027,-0.259,15.57,16.61,-0.063,0.666,0.684,-0.026,1074189.0,1054631.0,67894.0,104316.0,0.93,1.43,1135591.0,1211458.0,72935500.0,72935500.0,2261916.0,2617083.0,3397507.0,3828541.0
7711,2025-11-04,3.322,1.455,1.456,0.267,0.122,1.189,0.062,0.037,0.676,24.077,21.5,0.12,0.767,0.697,0.1,10875496.0,2516156.0,400747.0,163260.0,6.63,2.7,1502264.0,1341854.0,62394700.0,62411700.0,4950659.0,3084093.0,6452923.0,4425947.0
7786,2025-11-03,0.518,-0.048,-0.088,0.089,0.102,-0.127,0.046,0.066,-0.303,36.008,33.079,0.089,0.483,0.346,0.396,3207196.0,2112741.0,500462.0,525957.0,3.2,3.51,5637533.0,5178959.0,156561400.0,156561400.0,5264011.0,2740477.0,10901544.0,7919436.0
3158,2025-10-31,0.12,-0.349,-0.359,0.076,0.104,-0.269,0.051,0.072,-0.292,21.831,24.587,-0.112,0.324,0.308,0.052,245345.0,219102.0,44303.0,68012.0,1.66,2.59,583825.0,654980.0,26743400.0,26638900.0,279244.0,291074.0,863083.0,946068.0
7717,2025-10-31,0.609,1.194,1.165,0.072,0.032,1.25,0.043,0.02,1.15,25.605,25.995,-0.015,0.4,0.369,0.084,269962.0,167760.0,39803.0,18139.0,1.84,0.85,553037.0,561028.0,21598500.0,21581800.0,372174.0,331200.0,930238.0,896633.0
7730,2025-10-16,0.631,-0.291,-0.3,0.017,0.023,-0.261,0.011,0.016,-0.313,25.359,25.851,-0.019,0.323,0.314,0.029,172524.0,105787.0,12269.0,17314.0,0.35,0.5,731857.0,746052.0,28859800.0,28859800.0,348654.0,341087.0,1080511.0,1087139.0
7791,2025-10-09,-0.04,0.204,0.225,0.102,0.075,0.36,0.07,0.061,0.148,39.925,45.006,-0.113,0.318,0.195,0.631,1268280.0,1321805.0,285924.0,237571.0,4.08,3.33,2794784.0,3150404.0,70000000.0,70000000.0,1303611.0,765371.0,4098395.0,3915775.0
7716,2025-10-09,0.008,-0.504,-0.507,0.017,0.031,-0.452,0.009,0.02,-0.55,19.409,21.662,-0.104,0.453,0.356,0.272,531900.0,527855.0,6682.0,13474.0,0.33,0.67,388177.0,433243.0,20000000.0,20000000.0,323761.0,241114.0,714020.0,676498.0
7782,2025-10-09,-0.01,-2.099,-2.0,-0.008,-0.002,-3.0,-0.004,-0.002,-1.0,18.293,20.619,-0.113,0.447,0.304,0.47,150623.0,152109.0,-3102.0,-1001.0,-0.15,-0.05,388306.0,437672.0,21227000.0,21227000.0,313263.0,191245.0,701569.0,628917.0
7757,2025-10-01,0.002,-0.212,-0.215,0.065,0.072,-0.097,0.027,0.036,-0.25,32.623,37.664,-0.134,0.567,0.479,0.184,549126.0,548105.0,46545.0,59100.0,2.12,2.7,715035.0,825518.0,21918000.0,21918000.0,964796.0,778538.0,1700818.0,1624451.0
7738,2025-09-26,0.325,0.946,0.942,0.087,0.047,0.851,0.072,0.038,0.895,53.835,50.996,0.056,0.173,0.181,-0.044,140494.0,106036.0,115895.0,59553.0,4.66,2.4,1338114.0,1267555.0,24855800.0,24855800.0,279614.0,280213.0,1617728.0,1547768.0
7788,2025-09-26,0.109,-2.227,-2.229,-0.021,0.016,-2.313,-0.01,0.008,-2.25,65.226,68.999,-0.055,0.492,0.484,0.017,1610809.0,1452976.0,-97525.0,79513.0,-1.34,1.09,4736471.0,5010422.0,72616000.0,72616000.0,4591625.0,4683753.0,9331728.0,9681515.0
6971,2025-09-16,0.179,-0.567,-0.563,0.03,0.068,-0.559,0.008,0.021,-0.619,20.246,20.868,-0.03,0.73,0.691,0.056,638259.0,541243.0,21674.0,50078.0,0.62,1.42,712017.0,733895.0,35168000.0,35168000.0,1926560.0,1642342.0,2638577.0,2376237.0
4585,2025-09-11,-0.095,-1.718,-1.717,-0.016,0.023,-1.696,-0.011,0.017,-1.647,20.09,19.691,0.02,0.302,0.283,0.067,395837.0,437499.0,-29475.0,41055.0,-0.33,0.46,1808126.0,1772234.0,90000000.0,90000000.0,782485.0,699678.0,2590611.0,2471912.0
7750,2025-09-02,0.206,0.2,0.174,0.121,0.102,0.186,0.056,0.053,0.057,75.241,74.828,0.006,0.542,0.48,0.129,3981505.0,3301032.0,598576.0,498745.0,9.52,8.11,4930023.0,4902978.0,65523000.0,65523000.0,5845801.0,4529306.0,10775824.0,9432284.0
7799,2025-08-29,0.0,-0.246,-0.089,-0.064,-0.047,-0.362,-0.062,-0.045,-0.378,9.479,10.566,-0.103,0.04,0.047,-0.149,1779.0,0.0,-85638.0,-68739.0,-0.61,-0.56,1333625.0,1472423.0,140689500.0,139355000.0,55344.0,71959.0,1388969.0,1544382.0
7610,2025-08-25,-0.117,0.236,0.247,0.047,0.039,0.205,0.016,0.016,0.0,23.321,22.911,0.018,0.653,0.581,0.124,349974.0,396375.0,38362.0,31042.0,0.91,0.73,808389.0,794441.0,34663900.0,34675500.0,1521361.0,1099617.0,2329750.0,1894058.0
4441,2025-08-25,0.595,-0.825,-0.828,0.007,0.037,-0.811,0.004,0.031,-0.871,76.596,82.061,-0.067,0.396,0.17,1.329,1916051.0,1201233.0,32403.0,185441.0,0.53,3.08,4627732.0,4957920.0,60417600.0,60417600.0,3041150.0,1014261.0,7675904.0,5979325.0
7780,2025-08-25,0.605,0.126,-0.381,0.035,0.026,0.346,0.023,0.022,0.045,18.456,21.782,-0.153,0.343,0.15,1.287,454879.0,283477.0,38798.0,34466.0,0.65,1.05,1107426.0,1306989.0,60002400.0,60002400.0,577627.0,230812.0,1685053.0,1537801.0
7765,2025-08-22,0.297,0.482,0.459,0.116,0.072,0.611,0.053,0.039,0.359,22.776,25.127,-0.094,0.546,0.46,0.187,462817.0,356792.0,97511.0,65804.0,2.64,1.81,842381.0,913098.0,36985000.0,36340000.0,1012403.0,778682.0,1854784.0,1691780.0
7751,2025-08-11,0.235,0.274,0.273,0.093,0.064,0.453,0.041,0.036,0.139,43.196,49.181,-0.122,0.556,0.44,0.264,357115.0,289122.0,97973.0,76891.0,4.01,3.15,1054477.0,1200598.0,24411600.0,24411600.0,1326023.0,946299.0,2383521.0,2149092.0
4166,2025-08-06,0.148,0.331,0.353,0.027,0.021,0.286,0.02,0.015,0.333,8.247,8.015,0.029,0.275,0.291,-0.055,316902.0,275948.0,50571.0,38008.0,0.23,0.17,1839286.0,1787584.0,223035100.0,223035100.0,697803.0,732998.0,2537089.0,2520582.0
7753,2025-07-23,0.01,0.086,0.088,0.061,0.06,0.017,0.029,0.027,0.074,16.203,15.214,0.065,0.522,0.549,-0.049,202053.0,200004.0,21867.0,20127.0,0.99,0.91,358087.0,336220.0,22100000.0,22100000.0,391382.0,409371.0,749469.0,745591.0
3135,2025-07-22,0.09,-0.482,-0.505,0.025,0.055,-0.545,0.012,0.026,-0.538,20.056,19.823,0.012,0.534,0.53,0.008,1423820.0,1306819.0,33925.0,65521.0,0.54,1.09,1371327.0,1196761.0,68373400.0,60373400.0,1572753.0,1348911.0,2944080.0,2545672.0
7721,2025-07-14,-0.509,-0.849,-0.867,0.008,0.05,-0.84,0.006,0.039,-0.846,18.608,20.439,-0.09,0.288,0.214,0.346,119754.0,243779.0,7668.0,50726.0,0.15,1.13,931495.0,1023141.0,50057800.0,50057800.0,377037.0,279248.0,1308532.0,1302389.0
7547,2025-07-14,0.273,2.045,1.867,0.02,0.007,1.857,0.018,0.006,2.0,21.373,20.882,0.024,0.104,0.145,-0.283,61807.0,48535.0,12553.0,4122.0,0.43,0.15,619811.0,605570.0,29000000.0,29000000.0,71926.0,102615.0,691737.0,708185.0
7747,2025-06-26,0.421,0.343,0.316,0.055,0.043,0.279,0.034,0.023,0.478,22.692,21.416,0.06,0.348,0.423,-0.177,432922.0,304618.0,29461.0,21930.0,1.25,0.95,536119.0,505975.0,23626000.0,23626000.0,306356.0,396440.0,879105.0,937244.0
7740,2025-05-29,2.035,6.724,2.7,0.122,-0.024,6.083,0.02,-0.006,4.333,11.165,9.822,0.137,0.78,0.626,0.246,246984.0,81374.0,67869.0,-11857.0,1.36,-0.8,558242.0,491118.0,50000000.0,50000000.0,2692289.0,1147398.0,3450949.0,1832121.0
7749,2025-05-28,1.539,1.224,0.962,0.085,0.038,1.237,0.062,0.031,1.0,29.569,30.964,-0.045,0.267,0.172,0.552,311301.0,122620.0,103870.0,46703.0,2.57,1.31,1221800.0,1241372.0,41319700.0,40090700.0,446126.0,258542.0,1667926.0,1499914.0
6918,2025-05-23,0.104,0.217,0.202,0.052,0.039,0.333,0.036,0.03,0.2,27.726,30.161,-0.081,0.31,0.219,0.416,196387.0,177925.0,43625.0,35855.0,1.43,1.19,844841.0,919045.0,30471000.0,30471000.0,380102.0,258269.0,1224943.0,1177314.0
6925,2025-05-13,0.118,0.169,0.167,0.041,0.032,0.281,0.03,0.027,0.111,13.705,15.141,-0.095,0.261,0.168,0.554,43975.0,39328.0,9964.0,8525.0,0.56,0.48,241821.0,267146.0,17644300.0,17644300.0,85284.0,53970.0,327105.0,321116.0
6944,2025-05-13,0.143,0.413,0.398,0.338,0.316,0.07,0.155,0.134,0.157,64.702,55.042,0.176,0.542,0.574,-0.056,10300194.0,9012888.0,1512088.0,1069898.0,22.33,15.97,4470156.0,3387503.0,69088300.0,61544100.0,5283646.0,4570746.0,9753802.0,7958249.0
1295,2025-05-12,0.022,0.063,0.068,0.039,0.034,0.147,0.016,0.016,0.0,32.526,34.426,-0.055,0.594,0.54,0.1,233724.0,228705.0,39369.0,37042.0,1.26,1.18,1019841.0,1079425.0,31354800.0,31354800.0,1493917.0,1265079.0,2513758.0,2344504.0
7642,2025-05-07,0.048,0.169,0.103,0.217,0.196,0.107,0.128,0.107,0.196,29.539,27.935,0.057,0.411,0.456,-0.099,958282.0,914381.0,169701.0,145203.0,6.4,5.8,782785.0,740284.0,26500000.0,26500000.0,547053.0,619990.0,1329838.0,1360274.0
6909,2025-05-06,1.36,2.214,2.238,0.019,-0.015,2.267,0.016,-0.013,2.231,13.007,13.814,-0.058,0.202,0.159,0.27,130407.0,55265.0,15484.0,-12751.0,0.26,-0.21,794653.0,843562.0,61092700.0,61064000.0,201579.0,159886.0,996232.0,1003448.0
7743,2025-05-05,,,,,,,,,,,,,,,,,,,,,,,,,,,,,
6498,2025-05-05,0.17,-0.092,-0.097,0.238,0.31,-0.232,0.139,0.179,-0.223,23.305,19.83,0.175,0.417,0.422,-0.012,1031810.0,881952.0,228672.0,251913.0,5.57,6.17,958838.0,812262.0,41142900.0,40961900.0,684923.0,593380.0,1643761.0,1405642.0
6597,2025-04-22,0.437,0.886,0.886,0.216,0.134,0.612,0.123,0.075,0.64,21.402,18.288,0.17,0.428,0.437,-0.021,867433.0,603619.0,121636.0,64492.0,4.62,2.45,563768.0,481740.0,26342300.0,26342300.0,421671.0,373739.0,985439.0,855479.0
7723,2025-04-15,0.004,-0.476,-0.528,0.171,0.278,-0.385,0.038,0.068,-0.441,23.722,27.845,-0.148,0.777,0.753,0.032,5783701.0,5762799.0,185936.0,355005.0,4.06,8.61,1087384.0,1276420.0,45839500.0,45839500.0,3780239.0,3957104.0,4865760.0,5252345.0
6936,2025-04-11,0.072,0.491,0.493,0.121,0.086,0.407,0.095,0.066,0.439,17.041,16.021,0.064,0.214,0.23,-0.07,1294112.0,1207507.0,136619.0,91600.0,2.06,1.38,1130491.0,1062007.0,66339000.0,66289000.0,307853.0,317584.0,1438344.0,1379591.0
3467,2025-03-05,0.245,2.165,2.111,0.018,0.006,2.0,0.011,0.004,1.75,15.802,15.673,0.008,0.388,0.372,0.043,157702.0,126678.0,7805.0,2466.0,0.28,0.09,445717.0,442080.0,28206600.0,28206600.0,282679.0,261605.0,728396.0,703685.0
7718,2025-02-25,0.173,-0.173,-0.262,0.049,0.063,-0.222,0.031,0.038,-0.184,30.953,29.1,0.064,0.369,0.402,-0.082,671465.0,572211.0,61977.0,74926.0,1.52,2.06,1265861.0,1190086.0,40896500.0,40896500.0,739200.0,799113.0,2005061.0,1989199.0
7631,2025-02-25,0.372,-0.382,-0.385,0.051,0.083,-0.386,0.025,0.053,-0.528,29.023,28.639,0.013,0.509,0.363,0.402,226083.0,164748.0,24772.0,40107.0,1.47,2.39,487590.0,481139.0,16800000.0,16800000.0,505346.0,273860.0,992936.0,754999.0
7736,2025-02-25,0.275,-0.547,-0.547,0.023,0.056,-0.589,0.018,0.037,-0.514,38.861,35.989,0.08,0.219,0.333,-0.342,360873.0,283084.0,62417.0,137855.0,0.91,2.01,2671685.0,2474252.0,68750000.0,68750000.0,747970.0,1233243.0,3419655.0,3707495.0
2248,2025-02-20,-0.053,5.087,5.154,0.057,0.011,4.182,0.026,0.005,4.2,27.943,23.03,0.213,0.543,0.553,-0.018,549298.0,579865.0,67401.0,11073.0,1.6,0.26,1173624.0,967260.0,42000000.0,42000000.0,1394807.0,1197468.0,2568431.0,2164728.0
6887,2025-02-17,0.194,0.034,0.021,0.017,0.016,0.063,0.007,0.007,0.0,29.029,29.941,-0.03,0.603,0.536,0.125,1143000.0,957126.0,32084.0,31042.0,0.49,0.48,1892672.0,1952136.0,65199500.0,65199500.0,2869114.0,2257762.0,4761786.0,4209898.0
6872,2025-02-14,7.316,-0.762,-0.594,-0.064,-0.043,-0.488,-0.055,-0.037,-0.486,7.974,7.504,0.063,0.111,0.109,0.018,12557.0,1510.0,-31822.0,-18057.0,-0.51,-0.32,497375.0,422996.0,62372000.0,56372000.0,63749.0,53401.0,573525.0,490535.0
6965,2025-02-14,,,,,,,,,,,,,,,,,,,,,,,,,,,,,
7728,2025-02-13,0.329,0.332,0.213,0.11,0.088,0.25,0.07,0.045,0.556,24.824,23.265,0.067,0.36,0.493,-0.27,105510.0,79371.0,33648.0,25270.0,2.73,2.25,305688.0,286489.0,12314100.0,12314100.0,171909.0,278024.0,477597.0,564513.0
7734,2025-02-06,0.75,-0.21,-0.271,0.034,0.057,-0.404,0.024,0.036,-0.333,144.541,111.976,0.291,0.295,0.364,-0.19,394152.0,225207.0,97884.0,123918.0,4.87,6.68,2903113.0,2181849.0,20085000.0,19485000.0,1217616.0,1256246.0,4130903.0,3447573.0
7709,2025-02-05,0.49,0.478,0.478,0.034,0.024,0.417,0.021,0.013,0.615,40.505,38.859,0.042,0.387,0.449,-0.138,433502.0,291022.0,46903.0,31725.0,1.36,0.92,1397477.0,1340703.0,34501700.0,34501700.0,880608.0,1092813.0,2278085.0,2433516.0
7713,2025-02-04,0.031,0.098,0.082,0.05,0.047,0.064,0.022,0.023,-0.043,21.168,20.342,0.041,0.553,0.51,0.084,255540.0,247835.0,44063.0,40121.0,1.06,0.98,880156.0,845779.0,41578900.0,41578900.0,1088748.0,881781.0,1968904.0,1727560.0
4749,2024-12-27,0.505,2.68,2.654,0.056,0.017,2.294,0.03,0.01,2.0,33.563,29.759,0.128,0.458,0.45,0.018,856823.0,569380.0,155720.0,42317.0,1.9,0.52,2758047.0,2440401.0,82174700.0,82005300.0,2338968.0,1994047.0,5106933.0,4434448.0
6961,2026-01-07,-0.164,14.605,13.2,0.02,0.001,19.0,0.013,0.001,12.0,35.342,36.339,-0.027,0.337,0.301,0.12,1040338.0,1245149.0,16775.0,1075.0,0.71,0.05,835275.0,858839.0,23634000.0,23634000.0,428869.0,373556.0,1271057.0,1241668.0
1623,2026-01-07,0.11,-0.223,-0.224,0.065,0.089,-0.27,0.024,0.035,-0.314,44.947,42.135,0.067,0.632,0.605,0.045,1598189.0,1440289.0,174763.0,224812.0,2.91,3.75,2696799.0,2528102.0,60000000.0,60000000.0,4631190.0,3874005.0,7327989.0,6402107.0
6722,2025-12-31,-0.088,-0.219,-0.217,0.02,0.026,-0.231,0.009,0.012,-0.25,26.253,26.282,-0.001,0.551,0.542,0.017,1220266.0,1337874.0,41788.0,53473.0,0.54,0.69,2047740.0,2050021.0,78000000.0,78000000.0,2511129.0,2428284.0,4558869.0,4478305.0
7795,2025-12-31,-0.226,-0.491,-0.488,0.02,0.037,-0.459,0.011,0.019,-0.421,21.512,22.69,-0.052,0.424,0.498,-0.149,398009.0,514074.0,30199.0,59285.0,0.43,0.84,1523662.0,1607109.0,70828500.0,70828500.0,1123681.0,1595695.0,2647343.0,3202804.0
4590,2026-01-14 00:00:00,-0.324,0.805,0.8,0.023,0.012,0.917,0.014,0.007,1.0,62.609,64.924,-0.036,0.398,0.417,-0.046,353024.0,521921.0,73879.0,40926.0,1.44,0.8,3208547.0,3318722.0,51247200.0,51117400.0,2125298.0,2372373.0,5333845.0,5691095.0
7792,2026-01-13 00:00:00,0.45,2.097,1.341,0.035,0.011,2.182,0.017,0.005,2.4,57.771,61.238,-0.057,0.519,0.499,0.04,1457326.0,1004969.0,85065.0,27465.0,1.99,0.85,2465214.0,2613133.0,42672000.0,42672000.0,2655231.0,2600222.0,5120445.0,5213355.0
6907,2026-01-14 00:00:00,,,,,,,,,,,,,,,,,,,,,,,,,,,,,
5547,2026-01-19 00:00:00,-0.266,-0.441,-0.532,0.022,0.043,-0.488,0.009,0.016,-0.438,16.459,16.515,-0.003,0.565,0.638,-0.114,459096.0,625547.0,14261.0,25508.0,0.36,0.77,657716.0,594539.0,39960000.0,36000000.0,853871.0,1048154.0,1511587.0,1642693.0
6934,2026-01-16 00:00:00,-0.607,-0.741,-0.594,-0.135,-0.099,-0.364,-0.102,-0.084,-0.214,8.154,6.969,0.17,0.248,0.152,0.632,6899.0,17574.0,-36130.0,-20749.0,-1.1,-0.69,266787.0,209313.0,32716800.0,30033700.0,87870.0,37477.0,354657.0,246790.0
7823,2026-01-21 00:00:00,0.204,0.092,0.533,-0.03,-0.065,0.538,-0.015,-0.022,0.318,9.229,1768.884,-0.995,0.516,0.655,-0.212,87025.0,72250.0,-8788.0,-9681.0,-0.28,-0.6,291914.0,148940.0,31628900.0,84200.0,311219.0,282910.0,603133.0,431850.0
