開標日期,證券名稱,證券代號,發行市場,發行性質,競拍方式,投標開始日,投標結束日,競拍數量(張),最低投標價格(元),最低每標單投標數量(張),最高投(得)標數量(張),保證金成數(%),每一投標單投標處理費(元),撥券日期(上市、上櫃日期),主辦券商,得標總金額(元),得標手續費率(%),總合格件,合格投標數量(張),最低得標價格(元),最高得標價格(元),得標加權平均價格(元),承銷價格(元),取消競價拍賣(流標或取消),update_time
2016-01-13,福邦證,6026,初上櫃,初上櫃,美國標,2016-01-07,2016-01-11,8000000,7.38,5,1000,60,500,2016-01-27,中國信託,76012650,2.5,426.0,29313.0,9.5,10.0,9.5,9.5,,2026-01-27 14:28:54.388386+08:00
2016-03-10,精測,6510,初上櫃,初上櫃,美國標,2016-03-04,2016-03-08,1896000,300.0,3,236,50,500,2016-03-24,中國信託,854748380,2.5,2667.0,17457.0,440.2,482.0,450.82,360.0,,2026-01-27 14:28:54.388386+08:00
2016-05-05,寒舍,2739,初上市,初上市,美國標,2016-04-28,2016-05-03,7723000,38.8,3,965,50,500,2016-05-19,富邦證券,414385780,3.5,1598.0,33686.0,52.0,62.0,53.66,50.44,,2026-01-27 14:28:54.388386+08:00
2016-05-17,愛普,6531,初上市,初上市,美國標,2016-05-11,2016-05-13,4885000,71.0,2,610,50,500,2016-05-31,永豐金證券,460032270,5.0,1154.0,15591.0,92.0,102.0,94.17,92.3,,2026-01-27 14:28:54.388386+08:00
2016-06-01,達爾膚,6523,初上櫃,初上櫃,美國標,2016-05-26,2016-05-30,2538000,150.4,2,317,50,500,2016-06-16,元大證券,686694130,5.0,1769.0,12239.0,257.21,303.62,270.57,188.0,,2026-01-27 14:28:54.388386+08:00
2016-07-05,藥華藥,6446,初上櫃,初上櫃,美國標,2016-06-29,2016-07-01,14400000,132.5,2,1800,50,500,2016-07-19,凱基,2502986750,4.5,2293.0,35123.0,165.0,200.0,173.82,159.0,,2026-01-27 14:28:54.388386+08:00
2016-07-06,力達-KY,4552,第一上市初上市,初上市,美國標,2016-06-30,2016-07-04,7999000,80.0,2,1000,50,500,2016-07-20,凱基,925187300,4.0,1254.0,18527.0,101.1,185.0,115.66,96.0,,2026-01-27 14:28:54.388386+08:00
2016-07-13,益安,6499,初上櫃,初上櫃,美國標,2016-07-06,2016-07-11,4080000,120.0,2,510,50,500,2016-07-27,元富證券,669504320,5.0,1166.0,8476.0,157.1,182.1,164.09,132.0,,2026-01-27 14:28:54.388386+08:00
2016-08-24,大國鋼,8415,初上櫃,初上櫃,美國標,2016-08-18,2016-08-22,8000000,12.0,2,1000,50,500,2016-09-07,統一證,136024850,3.0,791.0,32296.0,17.0,17.5,17.0,15.0,,2026-01-27 14:28:54.388386+08:00
2016-08-25,隆中,6542,初上櫃,初上櫃,美國標,2016-08-19,2016-08-23,2817000,96.36,2,352,50,500,2016-09-08,元大證券,323704440,5.0,847.0,7082.0,111.0,125.3,114.91,106.0,,2026-01-27 14:28:54.388386+08:00
2016-08-25,山林水,8473,初上市,初上市,美國標,2016-08-19,2016-08-23,9378000,41.69,2,1172,50,500,2016-09-08,兆豐證券,514252800,2.5,1777.0,41221.0,53.5,60.0,54.84,54.2,,2026-01-27 14:28:54.388386+08:00
2016-08-31,長華科,6548,初上櫃,初上櫃,美國標,2016-08-25,2016-08-29,1700000,87.93,2,212,50,500,2016-09-13,凱基,211965920,5.0,1167.0,10298.0,120.1,135.0,124.69,102.0,,2026-01-27 14:28:54.388386+08:00
2016-09-05,岱宇,1598,初上市,初上市,美國標,2016-08-30,2016-09-01,7437000,37.2,2,929,50,500,2016-09-20,國泰綜合證券,364462230,4.0,1085.0,14793.0,47.12,55.8,49.01,46.5,,2026-01-27 14:28:54.388386+08:00
2016-09-09,順藥,6535,初上櫃,初上櫃,美國標,2016-09-05,2016-09-07,6800000,45.0,3,680,50,500,2016-09-26,元富證券,383607080,5.0,941.0,10655.0,53.78,67.6,56.41,54.0,,2026-01-27 14:28:54.388386+08:00
2016-09-09,生展,8279,初上櫃,初上櫃,美國標,2016-09-05,2016-09-07,1681000,50.69,2,210,50,500,2016-09-26,群益金鼎證券,111950060,3.5,1199.0,13269.0,65.3,71.22,66.6,58.8,,2026-01-27 14:28:54.388386+08:00
2016-10-03,廣越,4438,初上市,初上市,美國標,2016-09-27,2016-09-29,8302000,139.29,2,1037,50,500,2016-10-18,凱基,1456834850,5.0,2176.0,19956.0,169.0,204.0,175.48,156.0,,2026-01-27 14:28:54.388386+08:00
2016-10-13,台灣高鐵,2633,初上市,初上市,美國標,2016-10-06,2016-10-11,16000000,11.64,2,2000,50,500,2016-10-27,富邦證券,284890890,5.0,3098.0,171292.0,17.21,20.0,17.81,15.13,,2026-01-27 14:28:54.388386+08:00
2016-10-18,美吉吉-KY,8466,第一上市初上市,初上市,美國標,2016-10-12,2016-10-14,5284000,69.0,2,660,50,500,2016-11-01,凱基,575400880,4.0,2622.0,42687.0,104.9,193.5,108.89,82.8,,2026-01-27 14:28:54.388386+08:00
2016-10-28,康控-KY,4943,第一上市初上市,初上市,美國標,2016-10-24,2016-10-26,7370000,49.0,2,921,50,500,2016-11-11,中國信託證券,446617850,5.0,823.0,16682.0,59.1,75.23,60.6,58.8,,2026-01-27 14:28:54.388386+08:00
2016-11-28,冠科-KY　,6554,第一上櫃初上櫃,初上櫃,美國標,2016-11-22,2016-11-24,9447000,45.67,2,1180,50,500,2016-12-12,元大證券,526970680,5.0,743.0,13925.0,53.1,68.0,55.78,55.78,,2026-01-27 14:28:54.388386+08:00
2016-11-29,吉源-KY,8488,第一上市初上市,初上市,美國標,2016-11-23,2016-11-25,5399000,37.5,2,675,50,500,2016-12-13,凱基,245282970,4.0,721.0,14667.0,43.11,88.0,45.43,42.0,,2026-01-27 14:28:54.388386+08:00
2016-12-05,麗清,3346,初上市,初上市,美國標,2016-11-29,2016-12-01,5508000,24.0,2,688,50,500,2016-12-19,元大證券,195336480,5.0,1032.0,27085.0,33.76,38.2,35.46,30.0,,2026-01-27 14:28:54.388386+08:00
2016-12-07,醫揚,6569,初上櫃,初上櫃,美國標,2016-12-01,2016-12-05,1639000,152.89,2,204,50,500,2016-12-21,台新綜合證券,350256130,4.0,1052.0,6534.0,207.11,230.1,213.7,185.0,,2026-01-27 14:28:54.388386+08:00
2016-12-14,宏觀,6568,初上櫃,初上櫃,美國標,2016-12-08,2016-12-12,1521000,108.8,2,190,50,500,2016-12-28,兆豐證券,213690830,2.5,886.0,8273.0,138.21,148.0,140.49,136.0,,2026-01-27 14:28:54.388386+08:00
2016-12-16,虹堡,5258,初上市,初上市,美國標,2016-12-12,2016-12-14,5929000,35.0,2,741,50,500,2016-12-30,台新綜合證券,233883480,4.0,311.0,10065.0,37.3,44.0,39.45,39.45,,2026-01-27 14:28:54.388386+08:00
2017-12-27,凱羿-KY,2939,集中交易市場,第一上市初上市,美國標,2017-12-21,2017-12-25,2898,130.0,2,402,50,400,2018-01-11,永豐金證券,543483800,4.25,1195.0,9571.0,181.7,200.0,187.54,156.0,,2026-01-27 14:28:55.467018+08:00
2017-12-26,特昇-KY,6616,櫃檯買賣,第一上櫃初上櫃,美國標,2017-12-20,2017-12-22,1889,15.0,2,259,50,400,2018-01-10,永豐金證券,39795550,4.5,520.0,10339.0,20.0,26.8,21.07,18.0,,2026-01-27 14:28:55.467018+08:00
2017-12-20,寬宏,6596,櫃檯買賣,初上櫃,美國標,2017-12-14,2017-12-18,1512,55.5,1,217,50,400,2018-01-04,福邦證券,95009990,4.5,357.0,2404.0,59.7,70.1,62.84,62.84,,2026-01-27 14:28:55.467018+08:00
2017-12-20,雙鍵,4764,集中交易市場,初上市,美國標,2017-12-14,2017-12-18,4385,43.24,2,602,50,400,2018-01-04,永豐金證券,244875340,4.5,1057.0,20466.0,55.0,63.5,55.84,48.0,,2026-01-27 14:28:55.467018+08:00
2017-12-14,朋億,6613,櫃檯買賣,初上櫃,美國標,2017-12-08,2017-12-12,2924,120.54,1,420,50,400,2017-12-28,凱基證券股份,472506730,4.5,1528.0,10908.0,156.0,180.0,161.6,135.0,,2026-01-27 14:28:55.467018+08:00
2017-11-27,維田,6570,櫃檯買賣,初上櫃,美國標,2017-11-21,2017-11-23,1671,22.5,2,230,50,400,2017-12-11,中國信託綜合,51600950,4.5,749.0,10577.0,29.8,81.8,30.88,25.2,,2026-01-27 14:28:55.467018+08:00
2017-11-27,東哥遊艇,8478,集中交易市場,初上市,美國標,2017-11-21,2017-11-23,7596,66.18,2,1089,50,400,2017-12-11,凱基證券股份,609187900,4.5,951.0,12095.0,75.5,110.0,80.2,72.8,,2026-01-27 14:28:55.467018+08:00
2017-11-21,訊映,4155,集中交易市場,初上市,美國標,2017-11-15,2017-11-17,5927,20.0,1,750,50,400,2017-12-05,富邦綜合證券,168664990,4.5,1263.0,36834.0,27.6,31.5,28.46,22.0,,2026-01-27 14:28:55.467018+08:00
2017-11-10,鼎炫-KY,8499,集中交易市場,第一上市初上市,美國標,2017-11-06,2017-11-08,4139,80.0,2,595,50,400,2017-11-24,凱基證券股份,451000270,4.5,1241.0,15629.0,104.0,141.0,108.96,96.0,,2026-01-27 14:28:55.467018+08:00
2017-11-09,益張,8342,櫃檯買賣,初上櫃,美國標,2017-11-03,2017-11-07,2040,36.61,2,265,50,400,2017-11-23,台新綜合證券,94147800,4.5,865.0,11546.0,45.0,53.0,46.15,41.0,,2026-01-27 14:28:55.467018+08:00
2017-10-20,台灣銘板,6593,櫃檯買賣,初上櫃,美國標,2017-10-16,2017-10-18,1205,27.03,2,160,50,400,2017-11-03,台新綜合證券,43064120,4.0,628.0,11187.0,33.8,38.1,35.74,30.0,,2026-01-27 14:28:55.467018+08:00
2017-10-17,勝品,6556,櫃檯買賣,初上櫃,美國標,2017-10-11,2017-10-13,1440,27.0,1,190,50,400,2017-10-31,凱基,54226100,4.5,735.0,12553.0,35.66,45.0,37.66,29.7,,2026-01-27 14:28:55.467018+08:00
2017-09-13,宏旭-KY,2243,集中交易市場,第一上市初上市,美國標,2017-09-07,2017-09-11,3327,30.0,1,416,50,400,2017-09-27,富邦綜合證券,117189940,4.5,580.0,12150.0,33.2,50.0,35.22,33.0,,2026-01-27 14:28:55.467018+08:00
2017-09-13,漢來美食,1268,櫃檯買賣,初上櫃,美國標,2017-09-07,2017-09-11,2340,125.0,1,292,50,400,2017-09-27,凱基,385598290,4.5,1000.0,9163.0,160.1,200.0,164.79,150.0,,2026-01-27 14:28:55.467018+08:00
2017-09-13,廣錠,6441,櫃檯買賣,初上櫃,美國標,2017-09-07,2017-09-11,2336,42.02,2,291,50,400,2017-09-27,富邦綜合證券,139853630,4.5,899.0,12181.0,57.2,152.88,59.87,50.0,,2026-01-27 14:28:55.467018+08:00
2017-09-12,虹揚-KY,6573,集中交易市場,第一上市初上市,美國標,2017-09-06,2017-09-08,5099,30.0,2,637,50,400,2017-09-26,康和綜合證券,182798620,4.0,640.0,15988.0,33.68,51.5,35.85,33.6,,2026-01-27 14:28:55.467018+08:00
2017-09-12,泓瀚科技,4741,櫃檯買賣,初上櫃,美國標,2017-09-06,2017-09-08,2628,48.0,2,328,50,400,2017-09-26,國泰綜合證券,171926220,4.0,775.0,9612.0,61.4,80.0,65.42,55.2,,2026-01-27 14:28:55.467018+08:00
2017-08-21,霈方,6574,櫃檯買賣,初上櫃,美國標,2017-08-15,2017-08-17,1354,109.4,2,169,50,400,2017-09-04,永豐金證券,176051790,4.5,484.0,3542.0,123.44,145.98,130.02,128.0,,2026-01-27 14:28:55.467018+08:00
2017-08-07,穎漢,4562,集中交易市場,初上市,美國標,2017-08-01,2017-08-03,5404,36.36,2,675,50,400,2017-08-21,台新綜合證券,237593080,4.5,476.0,7011.0,39.2,110.8,43.97,40.0,,2026-01-27 14:28:55.467018+08:00
2017-08-07,研揚,6579,集中交易市場,初上市,美國標,2017-08-01,2017-08-03,7344,74.58,2,918,50,400,2017-08-21,元大,784671580,4.5,1258.0,16701.0,100.0,132.25,106.85,88.0,,2026-01-27 14:28:55.467018+08:00
2017-06-12,日成-KY,4807,集中交易市場,第一上市初上市,美國標,2017-06-06,2017-06-08,3053,60.0,2,381,50,400,2017-06-26,永豐金證券,219014060,5.0,812.0,7876.0,68.8,86.85,71.74,66.0,,2026-01-27 14:28:55.467018+08:00
2017-06-01,申豐,6582,集中交易市場,初上市,美國標,2017-05-24,2017-05-26,7142,60.18,2,892,50,400,2017-06-14,凱基證券股份,534460870,4.0,1165.0,16968.0,71.0,84.85,74.83,68.0,,2026-01-27 14:28:55.467018+08:00
2017-05-24,全宇-KY,4148,集中交易市場,第一上市初上市,美國標,2017-05-18,2017-05-22,5123,50.0,2,640,50,400,2017-06-08,永豐金證券股,307848440,4.5,771.0,11865.0,55.52,100.0,60.09,55.0,,2026-01-27 14:28:55.467018+08:00
2017-05-24,集雅社,2937,櫃檯買賣,初上櫃,美國標,2017-05-18,2017-05-22,1945,21.5,2,243,50,400,2017-06-08,第一金,57706490,3.0,694.0,10950.0,28.5,62.3,29.67,25.16,,2026-01-27 14:28:55.467018+08:00
2017-05-16,亞獅康-KY,6497,櫃檯買賣,第一上櫃初上櫃,美國標,2017-05-10,2017-05-12,10409,64.0,1,1301,50,400,2017-06-01,凱基證券股份,717437550,3.0,638.0,15144.0,64.0,166.0,68.92,68.92,,2026-01-27 14:28:55.467018+08:00
2017-04-20,王道,2897,集中交易市場,初上市,美國標,2017-04-14,2017-04-18,16000,5.98,5,2000,50,500,2017-05-05,元富證券,130436410,3.0,1306.0,123963.0,8.02,9.3,8.15,7.0,,2026-01-27 14:28:55.467018+08:00
2017-04-13,三貝德,8489,櫃檯買賣,初上櫃,美國標,2017-04-07,2017-04-11,1700,70.83,2,212,50,500,2017-04-27,凱基,243731170,4.0,1120.0,8027.0,140.1,206.0,143.37,85.0,,2026-01-27 14:28:55.467018+08:00
2017-04-11,迅得,6438,櫃檯買賣,初上櫃,美國標,2017-04-05,2017-04-07,4488,35.0,2,561,50,500,2017-04-25,台新綜合證券,229715300,4.0,1831.0,28338.0,50.45,57.0,51.18,42.0,,2026-01-27 14:28:55.467018+08:00
2017-04-10,生華科,6492,櫃檯買賣,初上櫃,美國標,2017-03-31,2017-04-06,6120,135.0,2,765,50,500,2017-04-24,永豐金證券,1038479180,4.0,1180.0,13583.0,165.33,202.0,169.69,162.0,,2026-01-27 14:28:55.467018+08:00
2017-04-07,世豐螺絲,2065,櫃檯買賣,初上櫃,美國標,2017-03-30,2017-04-05,2032,28.0,2,253,50,500,2017-04-21,富邦綜合證券,92698060,4.5,1595.0,19137.0,44.01,54.0,45.62,32.2,,2026-01-27 14:28:55.467018+08:00
2017-04-05,保瑞,6472,櫃檯買賣,初上櫃,美國標,2017-03-28,2017-03-30,2118,25.0,2,264,50,500,2017-04-19,台新綜合證券,132084440,4.0,1741.0,18546.0,60.88,154.0,62.36,32.5,,2026-01-27 14:28:55.467018+08:00
2017-03-07,勁豐,6577,櫃檯買賣,初上櫃,美國標,2017-03-01,2017-03-03,4752,46.73,2,594,50,500,2017-03-21,群益金鼎證券,338165830,4.0,1438.0,20763.0,68.8,82.56,71.16,52.8,,2026-01-27 14:28:55.467018+08:00
2017-02-24,晶心科,6533,集中交易市場,初上市,美國標,2017-02-20,2017-02-22,2500,54.25,2,312,50,500,2017-03-14,宏遠證券,266634540,5.0,1683.0,19973.0,103.66,124.0,106.65,65.1,,2026-01-27 14:28:55.467018+08:00
2017-01-10,欣普羅,6560,櫃檯買賣,初上櫃,美國標,2017-01-04,2017-01-06,1373,25.67,2,171,50,500,2017-01-24,1160,49365810,4.0,923.0,16701.0,35.44,38.01,35.95,30.8,,2026-01-27 14:28:55.467018+08:00
2017-01-03,泰昇-KY,8480,集中交易市場,第一上市初上市,美國標,2016-12-27,2016-12-29,3400,82.31,2,425,50,500,2017-01-17,兆豐證券,381534290,2.5,1066.0,12763.0,110.22,124.0,112.22,107.0,,2026-01-27 14:28:55.467018+08:00
2018-12-28,大詠城,4538,櫃檯買賣,初上櫃,美國標,2018-12-24,2018-12-26,3808,12.73,1,486,50,400,2019-01-15,日盛,73667880,4.5,1310.0,29459.0,18.42,62.8,19.35,14.0,,2026-01-27 14:28:56.608750+08:00
2018-12-27,十銓,4967,集中交易市場,初上市,美國標,2018-12-22,2018-12-25,5508,19.3,2,698,50,400,2019-01-14,群益金鼎證券,150019210,4.5,2012.0,46940.0,26.3,30.05,27.24,22.0,,2026-01-27 14:28:56.608750+08:00
2018-12-11,普鴻,6590,櫃檯買賣,初上櫃,美國標,2018-12-05,2018-12-07,1360,16.5,1,180,50,400,2018-12-24,日盛證券,30568080,4.5,526.0,9191.0,21.2,31.2,22.48,19.14,,2026-01-27 14:28:56.608750+08:00
2018-12-11,富林-KY,1341,集中交易市場,第一上市初上市,美國標,2018-12-05,2018-12-07,3959,24.83,1,520,50,400,2018-12-24,中國信託綜合,145462780,4.5,768.0,20694.0,35.3,39.1,36.74,28.8,,2026-01-27 14:28:56.608750+08:00
2018-12-04,復盛應用,6670,集中交易市場,初上市,美國標,2018-11-28,2018-11-30,8568,100.0,1,1231,50,400,2018-12-18,富邦綜合證券,1157843580,4.0,1850.0,24319.0,131.0,150.0,135.14,120.0,,2026-01-27 14:28:56.608750+08:00
2018-12-03,精湛,2070,櫃檯買賣,初上櫃,美國標,2018-11-27,2018-11-29,3060,27.83,1,392,50,400,2018-12-17,永豐金證券,97508520,4.5,425.0,8550.0,30.62,35.11,31.87,31.87,,2026-01-27 14:28:56.608750+08:00
2018-11-28,中揚光,6668,集中交易市場,初上市,美國標,2018-11-22,2018-11-26,5440,50.0,2,752,50,400,2018-12-12,元大,315757890,5.0,527.0,8896.0,55.0,70.1,58.04,58.0,,2026-01-27 14:28:56.608750+08:00
2018-11-27,三能-KY,6671,集中交易市場,初上市,美國標,2018-11-21,2018-11-23,4859,32.31,2,698,50,400,2018-12-11,兆豐證券股份,201573900,4.5,448.0,12939.0,39.5,45.8,41.48,41.48,,2026-01-27 14:28:56.608750+08:00
2018-11-21,興能高,6558,集中交易市場,初上市,美國標,2018-11-15,2018-11-19,6936,16.36,1,926,50,400,2018-12-05,富邦綜合證券,162273050,4.5,1012.0,36803.0,22.22,30.0,23.4,18.0,,2026-01-27 14:28:56.608750+08:00
2018-11-14,南寶,4766,集中交易市場,初上市,美國標,2018-11-08,2018-11-12,8127,66.78,1,1168,50,400,2018-11-28,富邦綜合證券,646556750,4.5,879.0,19223.0,76.0,90.0,79.56,76.8,,2026-01-27 14:28:56.608750+08:00
2018-11-14,鋐寶科技,6674,集中交易市場,初上市,美國標,2018-11-08,2018-11-12,4160,28.32,2,569,50,400,2018-11-28,凱基證券股份,128280170,4.5,370.0,6268.0,29.22,68.0,30.84,30.84,,2026-01-27 14:28:56.608750+08:00
2018-11-14,科定,6655,集中交易市場,初上市,美國標,2018-11-08,2018-11-12,4129,52.0,1,526,50,400,2018-11-28,中國信託證券,252640730,4.5,687.0,5773.0,55.0,75.8,61.19,60.32,,2026-01-27 14:28:56.608750+08:00
2018-11-05,公準,3178,櫃檯買賣,初上櫃,美國標,2018-10-30,2018-11-01,3604,25.5,1,460,50,400,2018-11-19,第一金,106774970,4.5,278.0,5586.0,26.78,34.0,29.63,29.63,,2026-01-27 14:28:56.608750+08:00
2018-10-30,信紘,6667,櫃檯買賣,初上櫃,美國標,2018-10-24,2018-10-26,2143,33.9,1,277,50,400,2018-11-13,第一金,79344310,4.2,352.0,4473.0,35.0,46.0,37.02,37.02,,2026-01-27 14:28:56.608750+08:00
2018-10-15,誠泰科技,4767,櫃檯買賣,初上櫃,美國標,2018-10-08,2018-10-11,1864,16.22,2,242,50,400,2018-10-29,凱基證券股份,34454820,4.5,162.0,4121.0,17.35,21.0,18.48,18.0,,2026-01-27 14:28:56.608750+08:00
2018-10-08,天正國際,6654,櫃檯買賣,初上櫃,美國標,2018-10-02,2018-10-04,2536,65.22,1,326,50,400,2018-10-23,台新綜合證券,186592210,4.5,417.0,4710.0,70.25,99.0,73.58,73.58,,2026-01-27 14:28:56.608750+08:00
2018-10-08,均華,6640,櫃檯買賣,初上櫃,美國標,2018-10-02,2018-10-04,1741,31.25,2,217,50,400,2018-10-23,凱基證券股份,68858310,4.5,515.0,8843.0,38.6,56.0,39.55,37.5,,2026-01-27 14:28:56.608750+08:00
2018-10-04,上海商銀,5876,集中交易市場,初上市,美國標,2018-09-28,2018-10-02,16000,25.02,2,2000,50,400,2018-10-19,華南永昌綜合,548976840,4.5,2970.0,113100.0,33.12,39.0,34.31,32.28,,2026-01-27 14:28:56.608750+08:00
2018-10-02,天鈺,4961,集中交易市場,初上市,美國標,2018-09-26,2018-09-28,12852,29.2,1,1606,50,400,2018-10-17,福邦證券股份,484658590,4.5,944.0,20879.0,34.1,41.22,37.71,33.0,,2026-01-27 14:28:56.608750+08:00
2018-09-18,科際精密,4568,櫃檯買賣,初上櫃,美國標,2018-09-12,2018-09-14,1877,65.22,2,244,50,400,2018-10-03,永豐金證券,166723400,4.5,654.0,10356.0,86.2,95.5,88.82,75.0,,2026-01-27 14:28:56.608750+08:00
2018-09-07,基士德-KY,6641,集中交易市場,第一上市初上市,美國標,2018-09-03,2018-09-05,2719,62.5,1,365,50,400,2018-09-21,永豐金證券,219225960,4.5,933.0,14627.0,78.1,96.96,80.63,75.0,,2026-01-27 14:28:56.608750+08:00
2018-09-04,達邦蛋白,6578,櫃檯買賣,初上櫃,美國標,2018-08-29,2018-08-31,2380,18.18,2,317,50,400,2018-09-18,永豐金證券,57275790,4.5,785.0,17424.0,23.52,27.02,24.07,20.0,,2026-01-27 14:28:56.608750+08:00
2018-08-30,群翊,6664,櫃檯買賣,初上櫃,美國標,2018-08-21,2018-08-23,3400,46.22,1,455,50,400,2018-09-12,福邦證券,218048010,4.5,1036.0,13434.0,63.1,69.0,64.13,55.0,,2026-01-27 14:28:56.608750+08:00
2018-08-30,建新國際,8367,集中交易市場,初上市,美國標,2018-08-21,2018-08-23,5531,17.31,2,794,50,400,2018-09-12,凱基證券股份,117448990,4.5,668.0,19402.0,20.62,24.0,21.23,20.08,,2026-01-27 14:28:56.608750+08:00
2018-08-01,全球,4540,集中交易市場,初上市,美國標,2018-07-26,2018-07-30,7752,79.0,1,1069,50,400,2018-08-15,第一金,901072370,4.5,2753.0,29975.0,113.9,133.69,116.24,94.8,,2026-01-27 14:28:56.608750+08:00
2018-08-01,商億-KY,8482,集中交易市場,第一上市初上市,美國標,2018-07-26,2018-07-30,7999,100.0,1,1150,50,400,2018-08-15,凱基證券股份,930334270,4.5,968.0,12004.0,104.9,170.62,116.31,115.0,,2026-01-27 14:28:56.608750+08:00
2018-07-25,茂生農經,1240,櫃檯買賣,初上櫃,美國標,2018-07-19,2018-07-23,2001,39.0,2,265,50,400,2018-08-08,兆豐證券股份,107474890,4.5,1318.0,19418.0,52.6,110.0,53.71,47.19,,2026-01-27 14:28:56.608750+08:00
2018-07-04,奈米醫材,6612,櫃檯買賣,初上櫃,美國標,2018-06-28,2018-07-02,2056,38.07,2,267,50,400,2018-07-18,兆豐,117193380,4.5,1318.0,17792.0,56.1,60.12,57.0,46.45,,2026-01-27 14:28:56.608750+08:00
2018-07-02,晶相光,3530,集中交易市場,初上市,美國標,2018-06-26,2018-06-28,6315,88.6,1,799,50,400,2018-07-16,永豐金證券,857435210,4.5,1520.0,13148.0,128.8,155.0,135.78,101.0,,2026-01-27 14:28:56.608750+08:00
2018-06-28,皇將,4744,櫃檯買賣,初上櫃,美國標,2018-06-22,2018-06-26,3672,23.53,2,459,50,400,2018-07-12,福邦證券,133450230,4.5,1087.0,20629.0,35.11,74.0,36.34,28.0,,2026-01-27 14:28:56.608750+08:00
2018-06-28,百德,4563,櫃檯買賣,初上櫃,美國標,2018-06-22,2018-06-26,3196,51.22,1,409,50,400,2018-07-12,日盛,243836510,5.0,1309.0,13878.0,75.0,82.2,76.29,58.9,,2026-01-27 14:28:56.608750+08:00
2018-06-26,昇陽半,8028,集中交易市場,初上市,美國標,2018-06-20,2018-06-22,10595,20.5,2,1324,50,400,2018-07-10,福邦證券,355607930,4.5,1947.0,49119.0,32.58,37.5,33.56,24.6,,2026-01-27 14:28:56.608750+08:00
2018-06-15,安力-KY,5223,櫃檯買賣,第一上櫃初上櫃,美國標,2018-06-11,2018-06-13,3459,25.0,1,497,50,400,2018-07-02,國泰綜合證券,138897200,4.0,1418.0,32376.0,35.72,55.0,40.16,27.0,,2026-01-27 14:28:56.608750+08:00
2018-06-14,逸達,6576,櫃檯買賣,初上櫃,美國標,2018-06-08,2018-06-12,5879,40.0,2,845,50,400,2018-06-29,凱基證券股份,322957130,4.5,1343.0,20149.0,53.22,61.26,54.93,45.2,,2026-01-27 14:28:56.608750+08:00
2018-06-13,榮科,4989,集中交易市場,初上市,美國標,2018-06-07,2018-06-11,9421,21.38,5,1347,50,400,2018-06-28,元大,268107500,5.0,1525.0,42400.0,27.8,31.9,28.46,24.8,,2026-01-27 14:28:56.608750+08:00
2018-05-28,健椿,4561,櫃檯買賣,初上櫃,美國標,2018-05-22,2018-05-24,3161,23.04,2,405,50,400,2018-06-11,第一金,109034670,4.0,1662.0,33140.0,33.61,134.6,34.49,26.5,,2026-01-27 14:28:56.608750+08:00
2018-05-22,是方,6561,櫃檯買賣,初上櫃,美國標,2018-05-16,2018-05-18,5333,136.0,2,748,50,400,2018-06-05,元大,1053276760,5.0,2670.0,21212.0,191.4,213.7,197.5,170.0,,2026-01-27 14:28:56.608750+08:00
2018-05-15,大綜電腦系統,3147,櫃檯買賣,初上櫃,美國標,2018-05-09,2018-05-11,2721,15.97,3,391,50,400,2018-05-29,華南永昌綜合,58269490,4.0,846.0,20027.0,21.0,22.8,21.41,19.0,,2026-01-27 14:28:56.608750+08:00
2018-04-24,聯嘉,6288,集中交易市場,初上市,美國標,2018-04-18,2018-04-20,13691,17.14,2,1721,50,400,2018-05-09,台新綜合證券,296478940,5.0,1634.0,44935.0,21.08,26.0,21.66,18.0,,2026-01-27 14:28:56.608750+08:00
2018-04-12,萬達光電,5220,櫃檯買賣,初上櫃,美國標,2018-04-03,2018-04-10,3174,22.0,2,456,50,400,2018-04-26,兆豐證券股份,93296840,4.5,1472.0,29596.0,28.7,37.15,29.39,25.3,,2026-01-27 14:28:56.608750+08:00
2018-03-30,吉茂精密,1587,集中交易市場,初上市,美國標,2018-03-23,2018-03-27,5540,15.5,2,722,50,400,2018-04-16,宏遠證券股份,113320760,4.2,866.0,22613.0,20.0,22.25,20.46,18.91,,2026-01-27 14:28:56.608750+08:00
2018-03-30,瑞祺電通,6416,集中交易市場,初上市,美國標,2018-03-23,2018-03-27,5444,87.83,1,680,50,400,2018-04-16,國泰綜合證券,726718590,4.5,2914.0,27556.0,129.83,145.08,133.49,101.0,,2026-01-27 14:28:56.608750+08:00
2018-03-30,五福,2745,櫃檯買賣,初上櫃,美國標,2018-03-23,2018-03-27,2348,22.03,2,303,50,400,2018-04-16,台新綜合證券,73871940,4.5,887.0,13546.0,30.79,35.0,31.46,26.0,,2026-01-27 14:28:56.608750+08:00
2018-03-30,高端疫苗,6547,櫃檯買賣,初上櫃,美國標,2018-03-26,2018-03-28,12432,25.0,2,1654,50,400,2018-04-17,永豐金證券,380245280,4.5,1289.0,34870.0,29.6,43.0,30.59,28.0,,2026-01-27 14:28:56.608750+08:00
2018-03-20,致和證,5864,櫃檯買賣,初上櫃,美國標,2018-03-14,2018-03-16,8000,6.97,2,1150,50,400,2018-04-02,統一綜合證券,74104520,3.0,903.0,47476.0,9.25,9.8,9.26,9.06,,2026-01-27 14:28:56.608750+08:00
2018-03-14,綠電再生,8440,櫃檯買賣,初上櫃,美國標,2018-03-08,2018-03-12,3696,13.52,1,482,50,400,2018-03-28,凱基,84106340,4.5,1879.0,46522.0,22.2,26.0,22.76,15.68,,2026-01-27 14:28:56.608750+08:00
2018-03-14,益得,6461,櫃檯買賣,初上櫃,美國標,2018-03-08,2018-03-12,6800,30.0,2,950,50,400,2018-03-28,元富證券股份,240979070,4.5,1040.0,21987.0,34.0,46.0,35.44,34.8,,2026-01-27 14:28:56.608750+08:00
2018-03-09,聯廣,8497,集中交易市場,初上市,美國標,2018-03-05,2018-03-07,4680,40.0,1,672,50,400,2018-03-23,國泰綜合證券,229545830,4.0,1383.0,23949.0,47.6,53.1,49.05,46.0,,2026-01-27 14:28:56.608750+08:00
2018-02-02,亞航,2630,集中交易市場,初上市,美國標,2018-01-29,2018-01-31,9778,20.0,2,1232,50,400,2018-02-22,台新綜合證券,307361210,4.5,2139.0,57470.0,30.41,36.1,31.43,22.0,,2026-01-27 14:28:56.608750+08:00
2018-01-24,必應,6625,集中交易市場,初上市,美國標,2018-01-18,2018-01-22,2081,56.52,2,270,50,400,2018-02-07,台新綜合證券,151601320,4.5,743.0,5396.0,69.0,87.0,72.85,65.0,,2026-01-27 14:28:56.608750+08:00
2018-01-22,時碩工業,4566,集中交易市場,初上市,美國標,2018-01-16,2018-01-18,4080,55.56,1,586,50,400,2018-02-05,凱基證券股份,276469190,4.5,1315.0,16618.0,66.01,77.8,67.76,60.0,,2026-01-27 14:28:56.608750+08:00
2018-01-16,鋼聯,6581,集中交易市場,初上市,美國標,2018-01-10,2018-01-12,7703,74.14,2,962,50,400,2018-01-30,康和綜合證券,797779920,4.2,1911.0,17776.0,99.6,119.6,103.57,86.0,,2026-01-27 14:28:56.608750+08:00
2018-01-09,寶齡富錦,1760,集中交易市場,初上市,美國標,2018-01-03,2018-01-05,6192,45.22,1,834,50,400,2018-01-23,凱基證券股份,350289470,4.5,918.0,9610.0,50.01,68.0,56.57,52.0,,2026-01-27 14:28:56.608750+08:00
2018-01-09,杰力,5299,櫃檯買賣,初上櫃,美國標,2018-01-03,2018-01-05,2826,42.74,2,388,50,400,2018-01-23,永豐金證券,187172980,4.5,1402.0,14523.0,64.67,71.3,66.23,50.01,,2026-01-27 14:28:56.608750+08:00
2018-01-08,金穎生技,1796,櫃檯買賣,初上櫃,美國標,2018-01-02,2018-01-04,1690,29.0,1,221,50,400,2018-01-22,富邦綜合證券,77314170,4.5,873.0,10531.0,43.5,62.0,45.75,34.8,,2026-01-27 14:28:56.608750+08:00
2018-01-08,慧智,6615,櫃檯買賣,初上櫃,美國標,2018-01-02,2018-01-04,1689,60.0,2,221,50,400,2018-01-22,元富證券股份,144212880,4.5,866.0,6926.0,82.2,100.0,85.38,72.0,,2026-01-27 14:28:56.608750+08:00
2019-12-20,捷流閥業,4580,櫃檯買賣,初上櫃,美國標,2019-12-16,2019-12-18,2409,68.42,2,346,50,400,2020-01-06,元大,230076310,5.0,3148.0,34552.0,93.8,105.0,95.51,78.0,,2026-01-27 14:28:57.820978+08:00
2019-12-12,東捷資訊,6697,櫃檯買賣,初上櫃,美國標,2019-12-06,2019-12-10,1369,32.77,1,196,50,400,2019-12-26,台新綜合證券,59635790,5.0,1275.0,11247.0,42.5,70.0,43.56,42.6,,2026-01-27 14:28:57.820978+08:00
2019-12-11,明達醫,6527,櫃檯買賣,初上櫃,美國標,2019-12-05,2019-12-09,1943,52.5,1,272,50,400,2019-12-25,凱基證券,141691790,5.0,2650.0,25483.0,71.68,80.8,72.92,58.8,,2026-01-27 14:28:57.820978+08:00
2019-12-05,惠特科技,6706,集中交易市場,初上市,美國標,2019-11-29,2019-12-03,4144,50.0,1,537,50,400,2019-12-19,凱基,294659570,5.0,3732.0,37428.0,69.9,102.5,71.11,56.0,,2026-01-27 14:28:57.820978+08:00
2019-11-28,嘉基,6715,集中交易市場,初上市,美國標,2019-11-22,2019-11-26,4320,60.0,1,545,50,400,2019-12-12,中國信託綜合,363163250,4.5,1780.0,20249.0,81.98,95.12,84.07,70.8,,2026-01-27 14:28:57.820978+08:00
2019-11-25,和潤企業,6592,集中交易市場,初上市,美國標,2019-11-19,2019-11-21,101081,45.69,2,14530,30,400,2019-12-09,台新綜合證券,7061918370,2.75,7711.0,279289.0,60.88,125.0,69.86,53.0,,2026-01-27 14:28:57.820978+08:00
2019-11-21,冠星-KY     ,4439,集中交易市場,第一上市初上市,美國標,2019-11-15,2019-11-19,2519,138.6,1,346,50,400,2019-12-05,元大,463645960,5.0,943.0,8400.0,172.3,262.0,184.06,158.0,,2026-01-27 14:28:57.820978+08:00
2019-11-11,旭暉應材,6698,集中交易市場,初上市,美國標,2019-11-05,2019-11-07,4112,58.12,1,524,50,400,2019-11-25,兆豐證券股份,294786090,5.0,883.0,8046.0,68.88,85.0,71.69,68.0,,2026-01-27 14:28:57.820978+08:00
2019-10-16,安碁資訊,6690,櫃檯買賣,初上櫃,美國標,2019-10-08,2019-10-14,2672,50.0,2,379,50,400,2019-10-30,台新綜合證券,278892560,5.0,861.0,8579.0,95.0,130.0,104.38,55.0,,2026-01-27 14:28:57.820978+08:00
2019-09-23,晶碩,6491,集中交易市場,初上市,美國標,2019-09-17,2019-09-19,6800,128.81,1,977,50,400,2019-10-07,元大,1181527880,5.0,1733.0,15051.0,166.8,205.0,173.75,152.0,,2026-01-27 14:28:57.820978+08:00
2019-09-10,豆府,2752,櫃檯買賣,初上櫃,美國標,2019-09-04,2019-09-06,1728,84.0,1,231,50,400,2019-09-25,福邦證券,203333060,5.0,1104.0,9286.0,115.0,130.0,117.67,105.0,,2026-01-27 14:28:57.820978+08:00
2019-09-06,富致,6642,櫃檯買賣,初上櫃,美國標,2019-09-02,2019-09-04,2520,26.09,1,325,50,400,2019-09-23,永豐金證券,88619350,4.5,948.0,19120.0,34.3,37.19,35.17,30.0,,2026-01-27 14:28:57.820978+08:00
2019-09-02,鈞興-KY,4571,集中交易市場,第一上市初上市,美國標,2019-08-27,2019-08-29,3807,62.5,1,486,50,400,2019-09-17,永豐金證券,311048540,5.0,1158.0,18012.0,78.32,95.0,81.7,70.0,,2026-01-27 14:28:57.820978+08:00
2019-09-02,新盛力,4931,櫃檯買賣,初上櫃,美國標,2019-08-27,2019-08-29,4960,15.93,1,629,50,400,2019-09-17,台新綜合證券,171259810,5.0,1469.0,31632.0,33.3,70.1,34.53,18.0,,2026-01-27 14:28:57.820978+08:00
2019-08-30,鑫創電子,6680,櫃檯買賣,初上櫃,美國標,2019-08-26,2019-08-28,1220,50.0,1,157,50,400,2019-09-16,兆豐證券股份,86047370,4.5,596.0,5054.0,68.7,80.88,70.53,60.0,,2026-01-27 14:28:57.820978+08:00
2019-08-27,駐龍,4572,集中交易市場,初上市,美國標,2019-08-21,2019-08-23,2924,108.53,2,370,50,400,2019-09-10,台新綜合證券,438728600,4.5,1830.0,17693.0,147.6,164.0,150.04,140.0,,2026-01-27 14:28:57.820978+08:00
2019-08-21,大銀微系統,4576,集中交易市場,初上市,美國標,2019-08-15,2019-08-19,8280,50.0,1,1085,50,400,2019-09-04,元大,635292850,5.0,1011.0,14701.0,68.28,100.0,76.73,56.0,,2026-01-27 14:28:57.820978+08:00
2019-06-14,台康生技,6589,櫃檯買賣,初上櫃,美國標,2019-06-10,2019-06-12,13607,26.96,2,1811,50,400,2019-06-28,凱基證券股份,419718340,4.5,731.0,23140.0,29.0,37.0,30.85,30.85,,2026-01-27 14:28:57.820978+08:00
2019-05-23,泰金-KY,6629,櫃檯買賣,第一上櫃初上櫃,美國標,2019-05-17,2019-05-21,2682,28.03,1,345,50,400,2019-06-06,中國信託綜合,106228660,5.0,600.0,12945.0,37.8,50.22,39.61,35.6,,2026-01-27 14:28:57.820978+08:00
2019-05-22,台生材,6649,櫃檯買賣,初上櫃,美國標,2019-05-16,2019-05-20,2040,33.6,2,280,50,400,2019-06-05,元大,92821540,5.0,471.0,6526.0,44.2,51.51,45.5,42.0,,2026-01-27 14:28:57.820978+08:00
2019-05-14,萬年清,6624,櫃檯買賣,初上櫃,美國標,2019-05-08,2019-05-10,1360,38.76,1,175,50,400,2019-05-28,國泰綜合證券,82582870,4.5,877.0,8151.0,59.52,67.2,60.72,50.0,,2026-01-27 14:28:57.820978+08:00
2019-05-10,禾聯碩,5283,集中交易市場,初上市,美國標,2019-05-06,2019-05-08,6257,82.73,1,832,50,400,2019-05-24,元富證券股份,643356440,4.5,1504.0,15165.0,99.0,123.0,102.82,91.0,,2026-01-27 14:28:57.820978+08:00
2019-04-24,鈺太科技,6679,櫃檯買賣,初上櫃,美國標,2019-04-18,2019-04-22,2541,58.33,1,322,50,400,2019-05-09,凱基證券,220315770,5.0,2346.0,26007.0,85.66,90.0,86.7,70.0,,2026-01-27 14:28:57.820978+08:00
2019-04-19,勤崴,6516,櫃檯買賣,初上櫃,美國標,2019-04-15,2019-04-17,2404,106.15,2,345,50,400,2019-05-06,元大,466006950,5.0,1367.0,8553.0,188.38,212.0,193.85,138.0,,2026-01-27 14:28:57.820978+08:00
2019-04-09,雍智科技,6683,櫃檯買賣,初上櫃,美國標,2019-04-01,2019-04-03,1668,65.22,1,213,50,400,2019-04-23,凱基證券股份,201039060,5.0,2967.0,25448.0,118.9,128.99,120.53,75.0,,2026-01-27 14:28:57.820978+08:00
2019-04-01,騰輝電子-KY,6672,集中交易市場,第一上市初上市,美國標,2019-03-26,2019-03-28,4349,52.68,2,570,40,400,2019-04-17,元大,351701870,5.0,3212.0,45682.0,79.66,95.0,80.87,60.06,,2026-01-27 14:28:57.820978+08:00
2019-03-13,緯穎,6669,集中交易市場,初上市,美國標,2019-03-07,2019-03-11,12792,215.65,1,1678,50,400,2019-03-27,元大,4468523500,5.0,4665.0,31587.0,335.3,450.0,349.32,248.0,,2026-01-27 14:28:57.820978+08:00
2019-03-12,樂斯科,6662,櫃檯買賣,初上櫃,美國標,2019-03-06,2019-03-08,1577,31.45,1,207,50,400,2019-03-26,日盛證券,82339580,4.5,927.0,8721.0,51.05,56.3,52.21,36.8,,2026-01-27 14:28:57.820978+08:00
2019-03-07,勤凱,4760,櫃檯買賣,初上櫃,美國標,2019-02-27,2019-03-05,2415,18.68,1,311,50,400,2019-03-21,富邦綜合證券,82108250,4.5,1441.0,25778.0,33.16,37.0,34.0,22.6,,2026-01-27 14:28:57.820978+08:00
2019-02-19,元翎,4564,集中交易市場,初上市,美國標,2019-02-13,2019-02-15,13600,22.12,1,1700,50,400,2019-03-07,福邦證券,484387780,4.5,3456.0,127769.0,35.03,42.0,35.62,25.0,,2026-01-27 14:28:57.820978+08:00
2019-01-24,詠昇,6418,櫃檯買賣,初上櫃,美國標,2019-01-18,2019-01-22,2763,19.0,2,397,50,400,2019-02-18,台新綜合證券,80746850,4.5,1202.0,24469.0,28.45,43.0,29.22,22.04,,2026-01-27 14:28:57.820978+08:00
2019-01-09,M31,6643,櫃檯買賣,初上櫃,美國標,2019-01-03,2019-01-07,1928,157.14,1,251,50,400,2019-01-23,永豐金證券,459972410,4.5,2464.0,16118.0,235.22,269.0,238.57,198.0,,2026-01-27 14:28:57.820978+08:00
2019-01-04,易發,6425,櫃檯買賣,初上櫃,美國標,2018-12-27,2019-01-02,3414,26.32,1,446,50,400,2019-01-18,福邦證券,125661580,4.0,1605.0,31700.0,36.05,65.0,36.81,30.0,,2026-01-27 14:28:57.820978+08:00
2019-01-03,錸寶科技,8104,集中交易市場,初上市,美國標,2018-12-26,2018-12-28,5415,50.0,1,744,50,400,2019-01-17,福邦證券,391679020,4.5,2865.0,32232.0,71.0,84.0,72.33,60.0,,2026-01-27 14:28:57.820978+08:00
2020-12-24,長聖,6712,櫃檯買賣,初上櫃,美國標,2020-12-18,2020-12-22,3824,115.0,1,492,50,400,2021-01-08,元富證券股份,568184730,4.5,1170.0,7535.0,136.66,190.0,148.58,138.0,,2026-01-27 14:28:59.139506+08:00
2020-12-11,智聯服務,6751,櫃檯買賣,初上櫃,美國標,2020-12-07,2020-12-09,1292,50.0,1,161,50,400,2020-12-25,福邦證券,117687210,5.0,950.0,7915.0,85.98,230.0,91.09,60.0,,2026-01-27 14:28:59.139506+08:00
2020-12-11,上洋,6728,櫃檯買賣,初上櫃,美國標,2020-12-07,2020-12-09,2146,37.07,1,278,50,400,2020-12-25,台新綜合證券,115243410,5.0,675.0,5402.0,51.26,88.8,53.7,43.0,,2026-01-27 14:28:59.139506+08:00
2020-12-10,威鋒電子,6756,集中交易市場,初上市,美國標,2020-12-04,2020-12-08,5100,150.0,1,733,50,400,2020-12-24,凱基證券股份,1225075550,5.0,1501.0,6917.0,201.0,313.0,240.21,168.0,,2026-01-27 14:28:59.139506+08:00
2020-12-04,達亞,6762,櫃檯買賣,初上櫃,美國標,2020-11-30,2020-12-02,1660,228.37,1,238,50,400,2020-12-18,元富,444848640,4.5,698.0,3691.0,258.5,311.0,267.98,267.98,,2026-01-27 14:28:59.139506+08:00
2020-12-02,揚秦,2755,櫃檯買賣,初上櫃,美國標,2020-11-26,2020-11-30,1360,48.0,1,178,50,400,2020-12-16,台新綜合證券,100396850,5.0,925.0,5938.0,71.1,92.8,73.82,60.0,,2026-01-27 14:28:59.139506+08:00
2020-11-30,安普新,6743,集中交易市場,初上市,美國標,2020-11-24,2020-11-26,8640,80.0,1,1090,50,400,2020-12-14,中國信託綜合,988296190,5.0,2203.0,23182.0,110.0,161.1,114.39,100.0,,2026-01-27 14:28:59.139506+08:00
2020-11-27,耀登科技,3138,集中交易市場,初上市,美國標,2020-11-23,2020-11-25,3740,42.59,1,497,50,400,2020-12-11,國票綜合證券,267547660,4.8,1695.0,16889.0,68.6,101.0,71.54,46.0,,2026-01-27 14:28:59.139506+08:00
2020-11-26,叡揚資訊,6752,櫃檯買賣,初上櫃,美國標,2020-11-20,2020-11-24,1800,50.0,1,230,50,400,2020-12-10,群益金鼎證券,119980950,4.0,589.0,7903.0,58.51,81.0,66.66,56.0,,2026-01-27 14:28:59.139506+08:00
2020-11-17,亞泰金屬,6727,櫃檯買賣,初上櫃,美國標,2020-11-11,2020-11-13,2005,48.0,1,267,50,400,2020-12-01,華南永昌綜合,127543060,5.0,1359.0,11864.0,62.4,68.88,63.61,52.8,,2026-01-27 14:28:59.139506+08:00
2020-11-10,八貫,1342,集中交易市場,初上市,美國標,2020-11-04,2020-11-06,4234,50.0,1,559,50,400,2020-11-24,富邦綜合證券,278231580,4.5,1379.0,15925.0,63.6,73.1,65.71,55.0,,2026-01-27 14:28:59.139506+08:00
2020-11-06,陞達科技,4945,櫃檯買賣,初上櫃,美國標,2020-11-02,2020-11-04,2244,34.86,1,292,50,400,2020-11-20,國票綜合證券,115984120,5.0,1383.0,10906.0,49.9,63.7,51.69,38.0,,2026-01-27 14:28:59.139506+08:00
2020-10-16,意德士,7556,櫃檯買賣,初上櫃,美國標,2020-10-12,2020-10-14,1712,80.0,1,223,50,400,2020-10-30,永豐金證券,216269680,5.0,2470.0,13844.0,124.0,136.5,126.33,88.0,,2026-01-27 14:28:59.139506+08:00
2020-10-05,軒郁,6703,櫃檯買賣,初上櫃,美國標,2020-09-25,2020-09-29,2040,80.08,1,279,50,400,2020-10-20,富邦綜合證券,255615010,5.0,3256.0,21146.0,123.0,200.0,125.3,96.9,,2026-01-27 14:28:59.139506+08:00
2020-09-23,汎德永業,2247,集中交易市場,初上市,美國標,2020-09-17,2020-09-21,6457,168.22,1,837,50,400,2020-10-12,群益金鼎證券,1846031500,4.5,15740.0,51857.0,270.99,381.0,285.9,180.0,,2026-01-27 14:28:59.139506+08:00
2020-09-09,康全電訊,8089,櫃檯買賣,初上櫃,美國標,2020-09-03,2020-09-07,4425,39.0,1,617,50,400,2020-09-23,統一綜合證券,243290320,5.0,2044.0,30915.0,53.9,58.0,54.98,45.24,,2026-01-27 14:28:59.139506+08:00
2020-09-03,亞洲藏壽司,2754,櫃檯買賣,初上櫃,美國標,2020-08-28,2020-09-01,5117,45.08,1,669,50,400,2020-09-17,元大,398335680,5.0,2056.0,14897.0,71.39,100.0,77.85,55.0,,2026-01-27 14:28:59.139506+08:00
2020-08-13,艾姆勒,2241,集中交易市場,初上市,美國標,2020-08-06,2020-08-10,6784,42.02,2,890,50,400,2020-08-26,元大,376834900,5.0,1682.0,24707.0,54.0,70.0,55.55,50.0,,2026-01-27 14:28:59.139506+08:00
2020-08-11,匯僑設計,6754,集中交易市場,初上市,美國標,2020-08-05,2020-08-07,4080,35.43,1,510,50,400,2020-08-25,凱基證券股份,236304380,5.0,2448.0,23522.0,56.2,70.0,57.92,45.0,,2026-01-27 14:28:59.139506+08:00
2020-06-15,東典光電,6588,櫃檯買賣,初上櫃,美國標,2020-06-09,2020-06-11,2330,57.63,1,311,50,400,2020-07-01,元富證券股份,244385270,4.5,4631.0,32320.0,101.6,124.0,104.89,68.0,,2026-01-27 14:28:59.139506+08:00
2020-05-26,ABC-KY,6598,集中交易市場,第一上市初上市,美國標,2020-05-20,2020-05-22,6516,40.0,1,824,50,400,2020-06-09,永豐金證券股,587776660,5.0,3896.0,29322.0,80.5,550.0,90.21,48.0,,2026-01-27 14:28:59.139506+08:00
2020-05-25,昇佳電子,6732,櫃檯買賣,初上櫃,美國標,2020-05-19,2020-05-21,2546,415.0,1,328,50,400,2020-06-08,兆豐證券股份,1624912870,5.0,4306.0,15903.0,628.01,683.0,638.22,498.0,,2026-01-27 14:28:59.139506+08:00
2020-05-06,永固-KY,5546,集中交易市場,第一上市初上市,美國標,2020-04-29,2020-05-04,6227,45.0,1,895,50,400,2020-05-20,康和綜合證券,370055600,4.7,1564.0,23781.0,55.58,88.9,59.43,58.5,,2026-01-27 14:28:59.139506+08:00
2020-05-04,三竹,8284,櫃檯買賣,初上櫃,美國標,2020-04-27,2020-04-29,3708,37.5,1,493,50,400,2020-05-18,兆豐證券股份,222824840,5.0,3192.0,46876.0,58.88,61.5,60.09,45.0,,2026-01-27 14:28:59.139506+08:00
2020-03-30,州巧,3543,集中交易市場,初上市,美國標,2020-03-24,2020-03-26,7204,12.0,1,900,50,400,2020-04-15,福邦證券,109985470,4.5,450.0,24104.0,14.5,18.0,15.27,15.0,,2026-01-27 14:28:59.139506+08:00
2020-03-13,應廣,6716,櫃檯買賣,初上櫃,美國標,2020-03-09,2020-03-11,1368,32.56,1,179,50,400,2020-03-27,兆豐證券股份,65666780,5.0,955.0,12404.0,46.7,54.6,48.0,42.0,,2026-01-27 14:28:59.139506+08:00
2020-02-21,山富,2743,櫃檯買賣,初上櫃,美國標,2020-02-17,2020-02-19,2584,10.0,1,347,50,400,2020-03-09,福邦證券,38253040,4.5,918.0,26822.0,14.1,20.0,14.8,12.5,,2026-01-27 14:28:59.139506+08:00
2020-02-21,光隆精密-KY,4581,集中交易市場,第一上市初上市,美國標,2020-02-17,2020-02-19,2713,32.11,1,349,50,400,2020-03-09,日盛證券,121209460,5.0,1025.0,16692.0,41.1,65.0,44.68,35.0,,2026-01-27 14:28:59.139506+08:00
2020-02-21,映興電子,3597,櫃檯買賣,初上櫃,美國標,2020-02-17,2020-02-19,2812,12.8,1,386,50,400,2020-03-09,華南永昌綜合,47739700,4.5,839.0,17852.0,16.31,22.0,16.98,15.49,,2026-01-27 14:28:59.139506+08:00
2021-12-30,聯發國際,2756,櫃檯買賣,初上櫃,美國標,2021-12-24,2021-12-28,1050,68.52,1,131,50,400,2022-01-14,凱基證券,125257260,5.0,1774.0,10582.0,115.6,705.0,119.29,78.8,,2026-01-27 14:29:00.640548+08:00
2021-12-29,力智,6719,集中交易市場,初上市,美國標,2021-12-23,2021-12-27,5076,507.76,1,729,50,400,2022-01-13,福邦證券,4079530620,5.0,5662.0,27832.0,795.0,850.6,803.69,589.0,,2026-01-27 14:29:00.640548+08:00
2021-12-23,瑞鼎,3592,集中交易市場,初上市,美國標,2021-12-17,2021-12-21,6070,275.0,1,758,50,400,2022-01-07,凱基證券股份,3068686200,5.0,9415.0,39097.0,496.0,600.0,505.55,308.0,,2026-01-27 14:29:00.640548+08:00
2021-12-17,洋基工程,6691,集中交易市場,初上市,美國標,2021-12-13,2021-12-15,5433,155.17,1,689,50,400,2022-01-03,富邦綜合證券,1284774490,5.0,3420.0,21621.0,231.5,288.88,236.48,180.0,,2026-01-27 14:29:00.640548+08:00
2021-12-08,上品,4770,集中交易市場,初上市,美國標,2021-12-02,2021-12-06,6284,140.68,1,825,50,400,2021-12-22,元大,1504381030,5.0,4194.0,29026.0,235.0,346.0,239.4,166.0,,2026-01-27 14:29:00.640548+08:00
2021-11-24,詠業,6792,集中交易市場,初上市,美國標,2021-11-18,2021-11-22,2952,88.29,1,379,50,400,2021-12-08,群益金鼎證券,477895060,5.0,6187.0,41766.0,159.0,196.0,161.89,98.0,,2026-01-27 14:29:00.640548+08:00
2021-11-22,力積電,6770,集中交易市場,初上市,美國標,2021-11-16,2021-11-18,88400,43.0,1,12050,50,400,2021-12-06,元大,5614994880,5.0,21513.0,365035.0,61.89,88.0,63.52,49.88,,2026-01-27 14:29:00.640548+08:00
2021-11-16,三商家購,2945,集中交易市場,初上市,美國標,2021-11-10,2021-11-12,5400,56.1,1,685,50,400,2021-11-30,元大,387066710,5.0,1636.0,25591.0,69.0,88.0,71.68,69.0,,2026-01-27 14:29:00.640548+08:00
2021-11-01,森崴能源,6806,集中交易市場,初上市,美國標,2021-10-26,2021-10-28,11880,90.0,1,1633,50,400,2021-11-15,福邦證券,1240212820,3.0,2286.0,39684.0,100.1,125.0,104.4,104.4,,2026-01-27 14:29:00.640548+08:00
2021-10-25,穩得,6761,櫃檯買賣,初上櫃,美國標,2021-10-19,2021-10-21,1472,61.82,1,184,50,400,2021-11-08,永豐金證券,163410490,5.0,1602.0,13808.0,108.88,118.1,111.01,68.0,,2026-01-27 14:29:00.640548+08:00
2021-10-08,全訊,5222,集中交易市場,初上市,美國標,2021-10-04,2021-10-06,5427,81.0,1,683,50,400,2021-10-25,台新綜合證券,664699640,5.0,1265.0,13779.0,117.8,140.11,122.48,104.49,,2026-01-27 14:29:00.640548+08:00
2021-10-08,宜新實業,4440,集中交易市場,初上市,美國標,2021-10-04,2021-10-06,5436,32.76,1,729,50,400,2021-10-25,福邦證券,231880220,5.0,544.0,9017.0,40.56,46.3,42.66,38.0,,2026-01-27 14:29:00.640548+08:00
2021-09-22,振宇五金,2947,櫃檯買賣,初上櫃,美國標,2021-09-14,2021-09-16,1440,66.67,1,192,50,400,2021-10-06,元大,154677650,5.0,1628.0,11665.0,103.0,202.0,107.42,80.0,,2026-01-27 14:29:00.640548+08:00
2021-09-13,永豐實,6790,集中交易市場,初上市,美國標,2021-09-07,2021-09-09,16000,44.07,1,2060,50,400,2021-09-29,元大,886039730,5.0,1915.0,26318.0,53.12,180.0,55.38,52.0,,2026-01-27 14:29:00.640548+08:00
2021-09-13,華景電,6788,櫃檯買賣,初上櫃,美國標,2021-09-07,2021-09-09,2139,113.64,1,272,50,400,2021-09-29,富邦綜合證券,393428940,5.0,1977.0,14755.0,180.0,200.0,183.93,125.0,,2026-01-27 14:29:00.640548+08:00
2021-08-26,八方雲集,2753,集中交易市場,初上市,美國標,2021-08-20,2021-08-24,4080,130.25,1,540,50,400,2021-09-09,國泰綜合證券,675366890,5.0,2189.0,15935.0,162.1,202.0,165.53,155.0,,2026-01-27 14:29:00.640548+08:00
2021-07-28,安格,6684,櫃檯買賣,初上櫃,美國標,2021-07-22,2021-07-26,1986,76.52,1,268,50,400,2021-08-11,福邦證券,317525770,5.0,2775.0,18422.0,157.1,181.11,159.88,88.0,,2026-01-27 14:29:00.640548+08:00
2021-07-15,凌陽創新,5236,櫃檯買賣,初上櫃,美國標,2021-07-09,2021-07-13,3644,128.0,1,523,50,400,2021-07-29,福邦證券,734253620,5.0,3697.0,22134.0,198.1,220.0,201.5,160.0,,2026-01-27 14:29:00.640548+08:00
2021-05-17,第一化成-KY,2250,集中交易市場,第一上市初上市,美國標,2021-05-11,2021-05-13,3399,66.09,1,455,50,400,2021-05-31,康和綜合證券,357149960,5.0,1344.0,17206.0,98.0,153.7,105.08,76.0,,2026-01-27 14:29:00.640548+08:00
2021-05-11,91APP*-KY,6741,櫃檯買賣,第一上櫃初上櫃,美國標,2021-05-05,2021-05-07,9646,58.93,1,1255,50,400,2021-05-25,元大,1029763630,5.0,3526.0,61579.0,94.0,145.0,106.76,66.0,,2026-01-27 14:29:00.640548+08:00
2021-04-13,臺慶科,3357,櫃檯買賣,初上櫃,美國標,2021-04-07,2021-04-09,8252,92.8,1,1067,50,400,2021-04-27,第一金,1381750170,5.0,6145.0,36630.0,160.5,250.0,167.44,118.78,,2026-01-27 14:29:00.640548+08:00
2021-04-08,志強-KY,6768,集中交易市場,第一上市初上市,美國標,2021-03-31,2021-04-06,15684,42.61,2,2097,50,400,2021-04-22,元大,1149593200,5.0,5071.0,92777.0,70.0,96.0,73.3,49.0,,2026-01-27 14:29:00.640548+08:00
2021-03-25,長榮鋼,2211,集中交易市場,初上市,美國標,2021-03-19,2021-03-23,14800,33.61,2,1880,50,400,2021-04-12,凱基證券股份,766993930,5.0,4682.0,90121.0,50.0,60.0,51.82,41.0,,2026-01-27 14:29:00.640548+08:00
2021-03-17,展碁國際,6776,集中交易市場,初上市,美國標,2021-03-11,2021-03-15,5328,22.32,1,675,50,400,2021-03-31,永豐金證券,181923610,4.5,2389.0,41519.0,33.1,172.0,34.14,25.0,,2026-01-27 14:29:00.640548+08:00
2021-03-08,AES-KY,6781,集中交易市場,第一上市初上市,美國標,2021-03-02,2021-03-04,14734,150.0,1,1841,50,400,2021-03-22,凱基證券,3617496850,5.0,6331.0,65786.0,228.11,308.0,245.52,168.0,,2026-01-27 14:29:00.640548+08:00
2021-01-18,全宇昕,6651,櫃檯買賣,初上櫃,美國標,2021-01-12,2021-01-14,2720,46.0,1,391,50,400,2021-02-01,玉山綜合證券,176678680,5.0,1641.0,18923.0,61.28,69.54,64.96,50.6,,2026-01-27 14:29:00.640548+08:00
2021-01-14,博晟生醫,6733,櫃檯買賣,初上櫃,美國標,2021-01-08,2021-01-12,6934,24.14,1,996,50,400,2021-01-28,元大,214140390,5.0,1134.0,19635.0,29.28,35.1,30.88,28.0,,2026-01-27 14:29:00.640548+08:00
2021-01-13,威健生技,6661,櫃檯買賣,初上櫃,美國標,2021-01-07,2021-01-11,1872,20.0,1,269,50,400,2021-01-27,兆豐證券股份,54061010,5.0,827.0,9270.0,28.0,60.0,28.88,26.0,,2026-01-27 14:29:00.640548+08:00
2021-01-11,台微醫,6767,櫃檯買賣,初上櫃,美國標,2021-01-05,2021-01-07,1850,25.42,2,265,50,400,2021-01-25,凱基證券股份,63186700,5.0,1068.0,13408.0,33.0,41.0,34.15,30.0,,2026-01-27 14:29:00.640548+08:00
2021-01-06,穎崴,6515,集中交易市場,初上市,美國標,2020-12-30,2021-01-04,2072,287.6,1,258,50,400,2021-01-20,凱基證券股份,763552610,4.5,2401.0,11081.0,356.8,392.5,368.51,348.0,,2026-01-27 14:29:00.640548+08:00
2021-01-05,亨泰光,6747,櫃檯買賣,初上櫃,美國標,2020-12-29,2020-12-31,1489,90.91,1,194,50,400,2021-01-19,永豐金證券,181357550,5.0,1194.0,7086.0,116.8,140.0,121.8,100.0,,2026-01-27 14:29:00.640548+08:00
2022-12-27,偉康,6865,櫃檯買賣,初上櫃,美國標,2022-12-21,2022-12-23,886,48.33,1,113,50,400,2023-01-11,日盛,71575620,5.0,1648.0,10960.0,79.42,100.0,80.79,58.0,,2026-01-27 14:29:01.745164+08:00
2022-12-15,天擎,6708,櫃檯買賣,初上櫃,美國標,2022-12-09,2022-12-13,2322,25.45,1,300,50,400,2022-12-29,凱基證券,137927180,5.0,2125.0,20089.0,57.0,72.0,59.4,28.0,,2026-01-27 14:29:01.745164+08:00
2022-12-06,巨有科技,8227,櫃檯買賣,初上櫃,美國標,2022-11-30,2022-12-02,2988,36.17,1,385,50,400,2022-12-20,華南永昌綜合,231565980,5.0,3086.0,35329.0,75.6,83.0,77.5,42.68,,2026-01-27 14:29:01.745164+08:00
2022-12-01,保勝光學,6517,櫃檯買賣,初上櫃,美國標,2022-11-25,2022-11-29,1883,29.29,1,270,50,400,2022-12-15,凱基證券股份,79584020,5.0,1915.0,25152.0,41.48,45.22,42.26,32.8,,2026-01-27 14:29:01.745164+08:00
2022-12-01,展達,3447,集中交易市場,初上市,美國標,2022-11-25,2022-11-29,4947,22.22,1,668,50,400,2022-12-15,元大,162992730,5.0,1670.0,35063.0,32.25,37.0,32.95,26.0,,2026-01-27 14:29:01.745164+08:00
2022-11-30,倍力,6874,櫃檯買賣,初上櫃,美國標,2022-11-24,2022-11-28,2143,40.0,1,272,50,400,2022-12-14,富邦綜合證券,96177680,5.0,532.0,5056.0,43.0,50.8,44.88,44.88,,2026-01-27 14:29:01.745164+08:00
2022-11-14,伯特光,6859,櫃檯買賣,初上櫃,美國標,2022-11-08,2022-11-10,2182,85.0,1,272,50,400,2022-11-28,福邦證券,225466360,5.0,602.0,6145.0,95.0,170.5,103.33,102.0,,2026-01-27 14:29:01.745164+08:00
2022-11-14,視陽,6782,集中交易市場,初上市,美國標,2022-11-08,2022-11-10,5627,138.84,1,753,50,400,2022-11-28,元大,1030409020,5.0,1575.0,18820.0,176.0,201.0,183.12,168.0,,2026-01-27 14:29:01.745164+08:00
2022-11-07,進典,6843,櫃檯買賣,初上櫃,美國標,2022-11-01,2022-11-03,2665,30.17,1,343,50,400,2022-11-21,永豐金證券,97293510,5.0,741.0,8925.0,34.89,44.5,36.51,35.0,,2026-01-27 14:29:01.745164+08:00
2022-10-31,虎門科技,6791,櫃檯買賣,初上櫃,美國標,2022-10-25,2022-10-27,1673,38.33,1,240,50,400,2022-11-14,富邦綜合證券,83402990,5.0,522.0,5904.0,45.22,60.0,49.85,46.0,,2026-01-27 14:29:01.745164+08:00
2022-10-27,圓裕,6835,集中交易市場,初上市,美國標,2022-10-21,2022-10-25,4080,30.0,1,560,50,400,2022-11-10,台新綜合證券,144490470,5.0,620.0,10549.0,33.2,44.0,35.41,35.41,,2026-01-27 14:29:01.745164+08:00
2022-10-21,芯鼎,6695,集中交易市場,初上市,美國標,2022-10-17,2022-10-19,6820,33.45,1,862,50,400,2022-11-04,兆豐證券股份,246561010,5.0,412.0,14158.0,33.65,42.5,36.15,36.15,,2026-01-27 14:29:01.745164+08:00
2022-10-20,精拓科,4951,櫃檯買賣,初上櫃,美國標,2022-10-14,2022-10-18,2733,40.0,1,353,50,400,2022-11-03,第一金,119473440,5.0,373.0,5362.0,42.0,48.8,43.72,43.72,,2026-01-27 14:29:01.745164+08:00
2022-09-22,數泓科,6855,櫃檯買賣,初上櫃,美國標,2022-09-16,2022-09-20,1306,66.09,1,169,50,400,2022-10-06,台新綜合證券,112323810,5.0,1270.0,11777.0,83.2,96.0,86.01,76.0,,2026-01-27 14:29:01.745164+08:00
2022-09-21,君帆,4584,櫃檯買賣,初上櫃,美國標,2022-09-15,2022-09-19,2040,36.88,1,260,50,400,2022-10-05,凱基證券,102522090,5.0,1241.0,18451.0,48.6,79.0,50.26,40.57,,2026-01-27 14:29:01.745164+08:00
2022-08-29,伊雲谷,6689,集中交易市場,初上市,美國標,2022-08-23,2022-08-25,5440,107.69,1,720,50,400,2022-09-13,台新綜合證券,743296220,5.0,1375.0,16216.0,127.2,175.0,136.64,112.0,,2026-01-27 14:29:01.745164+08:00
2022-08-25,奇鈦科,3430,櫃檯買賣,初上櫃,美國標,2022-08-19,2022-08-23,2707,35.0,1,348,50,400,2022-09-08,中國信託綜合,133005320,5.0,1357.0,17587.0,46.3,59.11,49.13,42.0,,2026-01-27 14:29:01.745164+08:00
2022-08-18,天二科技,6834,集中交易市場,初上市,美國標,2022-08-12,2022-08-16,5879,24.5,1,739,50,400,2022-09-01,台新綜合證券,163658110,5.0,661.0,21754.0,25.88,103.5,27.84,26.95,,2026-01-27 14:29:01.745164+08:00
2022-08-17,汎銓,6830,集中交易市場,初上市,美國標,2022-08-11,2022-08-15,3744,86.96,1,487,50,400,2022-08-31,台新綜合證券,412904280,5.0,1234.0,14519.0,104.68,952.0,110.28,100.0,,2026-01-27 14:29:01.745164+08:00
2022-07-26,宏碁資訊,6811,櫃檯買賣,初上櫃,美國標,2022-07-20,2022-07-22,3400,100.0,1,435,50,400,2022-08-09,台新綜合證券,463692060,4.5,1001.0,7466.0,122.3,176.0,136.38,110.0,,2026-01-27 14:29:01.745164+08:00
2022-06-16,濾能,6823,櫃檯買賣,初上櫃,美國標,2022-06-10,2022-06-14,1604,85.0,1,210,50,400,2022-06-30,永豐金證券,167123470,5.0,942.0,7906.0,100.7,126.2,104.19,98.6,,2026-01-27 14:29:01.745164+08:00
2022-06-16,采鈺,6789,集中交易市場,初上市,美國標,2022-06-10,2022-06-14,14800,254.39,1,1850,50,400,2022-06-30,元大,4934834000,3.6,4844.0,30887.0,311.0,431.0,333.43,290.0,,2026-01-27 14:29:01.745164+08:00
2022-05-30,達航,4577,櫃檯買賣,初上櫃,美國標,2022-05-24,2022-05-26,3949,27.83,1,543,50,400,2022-06-14,康和綜合證券,129337620,5.0,707.0,13381.0,31.1,36.1,32.75,32.0,,2026-01-27 14:29:01.745164+08:00
2022-05-20,北極星藥業-KY,6550,集中交易市場,第一上市初上市,美國標,2022-05-16,2022-05-18,13600,73.21,1,1705,50,400,2022-06-06,國泰綜合證券,1150136910,4.5,1424.0,16551.0,75.0,107.11,84.57,82.0,,2026-01-27 14:29:01.745164+08:00
2022-05-18,晉弘,6796,集中交易市場,初上市,美國標,2022-05-12,2022-05-16,2108,38.98,1,273,50,400,2022-06-01,中國信託綜合,99286000,5.0,413.0,6252.0,43.8,58.1,47.1,46.0,,2026-01-27 14:29:01.745164+08:00
2022-05-10,正基,6546,櫃檯買賣,初上櫃,美國標,2022-05-04,2022-05-06,4076,83.48,1,519,50,400,2022-05-24,凱基證券,413301770,5.0,1017.0,21604.0,97.6,115.2,101.4,96.0,,2026-01-27 14:29:01.745164+08:00
2022-05-06,鈺鎧,5228,櫃檯買賣,初上櫃,美國標,2022-04-29,2022-05-04,3045,18.02,1,390,50,400,2022-05-20,永豐金證券,67834860,5.0,323.0,6360.0,20.1,29.0,22.28,20.0,,2026-01-27 14:29:01.745164+08:00
2022-05-06,鼎基,6585,集中交易市場,初上市,美國標,2022-04-29,2022-05-04,5540,55.09,1,707,50,400,2022-05-20,第一金,336758780,5.0,577.0,7521.0,56.0,75.1,60.79,60.79,,2026-01-27 14:29:01.745164+08:00
2022-04-27,來頡,6799,集中交易市場,初上市,美國標,2022-04-21,2022-04-25,2486,118.8,1,350,50,400,2022-05-12,元大,363518210,5.0,798.0,12165.0,141.4,180.0,146.23,139.0,,2026-01-27 14:29:01.745164+08:00
2022-04-22,台灣精銳,4583,集中交易市場,初上市,美國標,2022-04-18,2022-04-20,5215,175.44,1,661,50,400,2022-05-09,兆豐證券股份,1102353790,4.0,1522.0,22822.0,200.0,235.0,211.38,200.0,,2026-01-27 14:29:01.745164+08:00
2022-04-15,信實,6721,櫃檯買賣,初上櫃,美國標,2022-04-11,2022-04-13,1800,48.33,1,240,50,400,2022-04-29,第一金,104813670,5.0,558.0,6197.0,55.8,64.14,58.23,58.0,,2026-01-27 14:29:01.745164+08:00
2022-04-15,美達科技,6735,櫃檯買賣,初上櫃,美國標,2022-04-11,2022-04-13,3192,76.85,1,404,50,400,2022-04-29,群益金鼎證券,298408150,5.0,711.0,8604.0,86.88,110.0,93.49,83.0,,2026-01-27 14:29:01.745164+08:00
2022-04-11,峰源-KY,6807,集中交易市場,第一上市初上市,美國標,2022-04-01,2022-04-07,6479,36.04,1,820,50,400,2022-04-25,永豐金證券,259991260,5.0,559.0,9955.0,36.85,66.0,40.13,40.0,,2026-01-27 14:29:01.745164+08:00
2022-03-28,晶呈科技,4768,櫃檯買賣,初上櫃,美國標,2022-03-22,2022-03-24,2869,80.37,1,363,50,400,2022-04-13,國票綜合證券,291807410,5.0,648.0,5449.0,95.0,130.0,101.71,86.8,,2026-01-27 14:29:01.745164+08:00
2022-03-17,明係,6804,櫃檯買賣,初上櫃,美國標,2022-03-11,2022-03-15,1847,32.0,1,240,50,400,2022-03-31,兆豐證券股份,94708450,5.0,571.0,5690.0,46.6,66.0,51.28,40.0,,2026-01-27 14:29:01.745164+08:00
2022-03-09,寶德,3349,櫃檯買賣,初上櫃,美國標,2022-03-03,2022-03-07,3084,17.16,1,443,50,400,2022-03-23,日盛證券,64883830,5.0,471.0,9853.0,20.11,23.5,21.04,18.88,,2026-01-27 14:29:01.745164+08:00
2022-03-03,寶緯,4558,櫃檯買賣,初上櫃,美國標,2022-02-24,2022-03-01,4012,33.9,1,521,50,400,2022-03-17,日盛證券,192148900,5.0,942.0,9048.0,45.28,55.0,47.89,40.0,,2026-01-27 14:29:01.745164+08:00
2022-03-01,綠界科技,6763,櫃檯買賣,初上櫃,美國標,2022-02-22,2022-02-24,1517,690.91,1,218,50,400,2022-03-15,元富證券股份,1324159470,5.0,1760.0,4233.0,818.89,1005.0,872.88,760.0,,2026-01-27 14:29:01.745164+08:00
2022-02-25,力士,4923,櫃檯買賣,初上櫃,美國標,2022-02-21,2022-02-23,2268,52.0,1,293,50,400,2022-03-14,宏遠證券股份,168988460,5.0,1438.0,14542.0,73.0,79.2,74.51,61.88,,2026-01-27 14:29:01.745164+08:00
2022-02-24,昶昕,8438,集中交易市場,初上市,美國標,2022-02-18,2022-02-22,5662,33.9,1,737,50,400,2022-03-11,中國信託綜合,270460110,5.0,945.0,9769.0,44.7,78.01,47.77,40.0,,2026-01-27 14:29:01.745164+08:00
2022-02-24,千附精密,6829,櫃檯買賣,初上櫃,美國標,2022-02-18,2022-02-22,3659,55.0,1,525,50,400,2022-03-11,元大,281219480,5.0,1173.0,15973.0,73.88,88.21,76.86,66.0,,2026-01-27 14:29:01.745164+08:00
2022-02-14,廣閎科,6693,櫃檯買賣,初上櫃,美國標,2022-02-08,2022-02-10,3658,92.8,1,462,50,400,2022-03-01,兆豐證券股份,483465770,5.0,1284.0,8470.0,125.0,158.8,132.17,116.0,,2026-01-27 14:29:01.745164+08:00
2022-01-05,弘凱,5244,集中交易市場,初上市,美國標,2021-12-29,2022-01-03,5436,34.17,1,689,50,400,2022-01-19,宏遠證券股份,276424270,5.0,2701.0,46859.0,50.21,106.88,50.85,41.0,,2026-01-27 14:29:01.745164+08:00
2023-12-29,現觀科,6906,集中交易市場,初上市,美國標,2023-12-25,2023-12-27,2064,100.0,1,263,50,400,2024-01-15,台新綜合證券,303973010,5.0,2428.0,21628.0,144.88,165.0,147.27,118.0,,2026-01-27 14:29:03.117861+08:00
2023-12-12,正瀚-創,6534,創新板,創新板初上市,美國標,2023-12-06,2023-12-08,5145,55.56,1,514,50,400,2023-12-21,富邦綜合證券,411436350,5.0,1028.0,10712.0,75.0,92.5,79.97,60.0,,2026-01-27 14:29:03.117861+08:00
2023-12-07,金萬林,6645,創新板,創新板初上市,美國標,2023-12-01,2023-12-05,2019,25.0,1,282,50,400,2023-12-21,華南永昌綜合,68839140,4.0,352.0,7662.0,31.6,40.0,34.1,30.0,,2026-01-27 14:29:03.117861+08:00
2023-12-01,欣新網,2949,櫃檯買賣,初上櫃,美國標,2023-11-27,2023-11-29,1498,80.36,1,207,50,400,2023-12-15,台新綜合證券,189832750,5.0,1668.0,11044.0,120.8,135.8,126.72,90.0,,2026-01-27 14:29:03.117861+08:00
2023-11-28,天虹,6937,集中交易市場,初上市,美國標,2023-11-22,2023-11-24,4624,100.0,1,588,50,400,2023-12-12,元大,779328250,5.0,2336.0,22871.0,161.0,196.0,168.54,115.0,,2026-01-27 14:29:03.117861+08:00
2023-11-28,寶陞國際,2948,櫃檯買賣,初上櫃,美國標,2023-11-22,2023-11-24,2297,60.0,1,305,50,400,2023-12-12,兆豐證券股份,181408260,5.0,900.0,9793.0,76.0,129.51,78.98,72.0,,2026-01-27 14:29:03.117861+08:00
2023-11-21,伯鑫,6904,櫃檯買賣,初上櫃,美國標,2023-11-15,2023-11-17,1360,71.05,1,170,50,400,2023-12-05,國泰綜合證券,151395700,5.0,1386.0,10775.0,110.0,116.1,111.32,81.0,,2026-01-27 14:29:03.117861+08:00
2023-11-21,澤米,6742,集中交易市場,初上市,美國標,2023-11-15,2023-11-17,4476,40.0,1,569,50,400,2023-12-05,中國信託綜合,237179000,5.0,1091.0,10346.0,50.01,69.0,52.99,48.0,,2026-01-27 14:29:03.117861+08:00
2023-11-21,華凌,6916,集中交易市場,初上市,美國標,2023-11-15,2023-11-17,5400,20.0,1,705,50,400,2023-12-05,元大,144926840,5.0,917.0,20763.0,25.78,45.72,26.84,24.0,,2026-01-27 14:29:03.117861+08:00
2023-11-15,竣邦-KY,4442,櫃檯買賣,第一上櫃初上櫃,美國標,2023-11-09,2023-11-13,2202,19.13,1,315,50,400,2023-11-29,台新綜合證券,57799190,5.0,482.0,10840.0,23.11,40.0,26.25,22.0,,2026-01-27 14:29:03.117861+08:00
2023-11-15,衛司特,6894,櫃檯買賣,初上櫃,美國標,2023-11-09,2023-11-13,2312,100.0,1,293,50,400,2023-11-29,兆豐證券股份,318714310,5.0,1528.0,12847.0,132.88,161.0,137.85,106.0,,2026-01-27 14:29:03.117861+08:00
2023-11-07,華懋,5292,集中交易市場,初上市,美國標,2023-11-01,2023-11-03,2880,60.71,1,370,50,400,2023-11-21,群益金鼎證券,239943430,5.0,1042.0,9880.0,78.89,98.0,83.31,68.0,,2026-01-27 14:29:03.117861+08:00
2023-10-26,宸曜,6922,櫃檯買賣,初上櫃,美國標,2023-10-20,2023-10-24,1704,70.69,1,213,50,400,2023-11-09,凱基證券股份,161892080,5.0,822.0,8573.0,88.6,228.0,95.01,82.0,,2026-01-27 14:29:03.117861+08:00
2023-10-26,富世達,6805,集中交易市場,初上市,美國標,2023-10-20,2023-10-24,5508,175.44,1,698,50,400,2023-11-09,台新綜合證券,1316628050,5.0,2111.0,17907.0,226.12,270.0,239.04,200.0,,2026-01-27 14:29:03.117861+08:00
2023-10-25,AMAX-KY,6933,集中交易市場,第一上市初上市,美國標,2023-10-19,2023-10-23,3237,80.0,1,419,50,400,2023-11-08,中國信託綜合,495787980,5.0,1697.0,17972.0,130.0,217.5,153.16,96.0,,2026-01-27 14:29:03.117861+08:00
2023-10-19,聯策,6658,集中交易市場,初上市,美國標,2023-10-13,2023-10-17,2024,25.0,1,290,50,400,2023-11-02,元富證券,77552370,5.0,1644.0,17300.0,36.3,59.0,38.32,28.0,,2026-01-27 14:29:03.117861+08:00
2023-10-13,鑫傳,6856,櫃檯買賣,初上櫃,美國標,2023-10-05,2023-10-11,3024,54.62,1,388,50,400,2023-10-27,台新綜合證券,203296370,5.0,750.0,10707.0,62.0,80.0,67.23,65.0,,2026-01-27 14:29:03.117861+08:00
2023-10-11,巨鎧精密,2254,創新板,創新板初上市,美國標,2023-10-02,2023-10-04,3196,64.79,1,319,50,400,2023-10-20,福邦證券,270902470,4.5,178.0,9112.0,73.5,105.0,84.76,68.68,,2026-01-27 14:29:03.117861+08:00
2023-10-03,達發,6526,集中交易市場,初上市,美國標,2023-09-26,2023-09-28,13952,403.51,1,1748,50,400,2023-10-19,凱基證券,6066866190,4.0,1925.0,17196.0,403.51,590.0,434.84,434.84,,2026-01-27 14:29:03.117861+08:00
2023-09-06,鑽石生技,6901,集中交易市場,初上市,美國標,2023-08-30,2023-09-01,68000,37.74,1,8500,50,400,2023-09-19,華南永昌綜合,3208111630,4.0,5400.0,117170.0,39.85,71.0,47.18,40.0,,2026-01-27 14:29:03.117861+08:00
2023-08-31,騰雲,6870,櫃檯買賣,初上櫃,美國標,2023-08-25,2023-08-29,1496,100.0,1,205,50,400,2023-09-14,福邦證券,226185920,5.0,845.0,8210.0,144.0,173.0,151.19,128.0,,2026-01-27 14:29:03.117861+08:00
2023-08-08,宏碩系統,6895,櫃檯買賣,初上櫃,美國標,2023-08-02,2023-08-04,2108,90.09,1,268,50,400,2023-08-22,兆豐證券股份,296477330,5.0,1010.0,8112.0,135.0,155.0,140.64,100.0,,2026-01-27 14:29:03.117861+08:00
2023-07-17,六方科-KY,4569,集中交易市場,第一上市初上市,美國標,2023-07-11,2023-07-13,2479,60.0,1,340,50,400,2023-07-31,宏遠證券(股),276852760,5.0,1400.0,17477.0,103.88,140.0,111.68,66.0,,2026-01-27 14:29:03.117861+08:00
2023-06-07,雄順,2073,櫃檯買賣,初上櫃,美國標,2023-06-01,2023-06-05,1702,18.8,1,222,50,400,2023-06-21,永豐金證券,53578840,5.0,1126.0,16543.0,31.0,39.35,31.48,22.0,,2026-01-27 14:29:03.117861+08:00
2023-06-02,鏵友益,6877,櫃檯買賣,初上櫃,美國標,2023-05-29,2023-05-31,2091,20.0,1,276,50,400,2023-06-16,元大,80703930,5.0,1463.0,21836.0,37.98,42.5,38.6,22.0,,2026-01-27 14:29:03.117861+08:00
2023-05-29,華安,6657,集中交易市場,初上市,美國標,2023-05-23,2023-05-25,6090,36.0,1,781,50,400,2023-06-12,中國信託綜合,325460380,5.0,2252.0,28277.0,51.68,70.0,53.44,42.12,,2026-01-27 14:29:03.117861+08:00
2023-05-08,聯寶,6821,櫃檯買賣,初上櫃,美國標,2023-05-02,2023-05-04,1896,25.0,1,272,50,400,2023-05-22,康和綜合證券,83610700,5.0,1490.0,12905.0,43.2,62.0,44.1,30.0,,2026-01-27 14:29:03.117861+08:00
2023-05-04,南俊國際,6584,櫃檯買賣,初上櫃,美國標,2023-04-27,2023-05-02,5271,30.0,1,668,50,400,2023-05-18,凱基證券,342083530,5.0,2274.0,31359.0,62.4,71.7,64.9,36.0,,2026-01-27 14:29:03.117861+08:00
2023-04-28,綠茵生技,6846,櫃檯買賣,初上櫃,美國標,2023-04-24,2023-04-26,1656,56.2,1,212,50,400,2023-05-15,福邦證券,151979980,5.0,1781.0,12649.0,90.0,106.0,91.78,68.0,,2026-01-27 14:29:03.117861+08:00
2023-03-13,睿生光電,6861,集中交易市場,初上市,美國標,2023-03-07,2023-03-09,2448,59.83,1,336,50,400,2023-03-27,元大,302311290,5.0,3082.0,18988.0,120.89,131.9,123.49,70.0,,2026-01-27 14:29:03.117861+08:00
2023-03-10,東研信超,6840,櫃檯買賣,初上櫃,美國標,2023-03-06,2023-03-08,1556,58.12,1,204,50,400,2023-03-24,永豐金證券,136536980,5.0,2008.0,16796.0,86.2,99.5,87.75,68.0,,2026-01-27 14:29:03.117861+08:00
2023-03-10,建德工業,6606,集中交易市場,初上市,美國標,2023-03-06,2023-03-08,8825,16.96,1,1163,50,400,2023-03-24,元富證券股份,241423480,5.0,2390.0,40815.0,26.0,60.0,27.36,19.0,,2026-01-27 14:29:03.117861+08:00
2023-03-07,永道-KY,6863,集中交易市場,第一上市初上市,美國標,2023-03-01,2023-03-03,5945,77.39,1,768,50,400,2023-03-21,凱基證券,792002480,5.0,7190.0,114926.0,125.88,190.0,133.22,83.58,,2026-01-27 14:29:03.117861+08:00
2023-02-24,長榮航太,2645,集中交易市場,初上市,美國標,2023-02-20,2023-02-22,14800,57.63,1,1850,50,400,2023-03-14,凱基證券,1227569310,4.5,6034.0,89073.0,81.0,105.0,82.94,68.0,,2026-01-27 14:29:03.117861+08:00
2023-02-22,龍德造船,6753,集中交易市場,初上市,美國標,2023-02-16,2023-02-20,7020,28.3,1,882,50,400,2023-03-10,兆豐證券股份,537020900,5.0,4775.0,51594.0,74.28,87.0,76.5,30.0,,2026-01-27 14:29:03.117861+08:00
2023-02-13,長佳智能,6841,櫃檯買賣,初上櫃,美國標,2023-02-07,2023-02-09,6057,48.0,1,817,50,400,2023-03-01,元富證券股份,446468430,4.5,3249.0,39184.0,70.69,85.0,73.71,57.6,,2026-01-27 14:29:03.117861+08:00
2024-12-31,裕山,7715,櫃檯買賣,初上櫃,美國標,2024-12-25,2024-12-27,2664,33.0,1,343,50,400,2025-01-15,永豐金,118684040,5.0,870.0,11081.0,42.86,70.0,44.55,39.6,,2026-01-27 14:29:04.492905+08:00
2024-12-31,富威電力,6994,集中交易市場,初上市,美國標,2024-12-25,2024-12-27,7140,69.83,1,902,50,400,2025-01-15,福邦,628860290,5.0,1537.0,17089.0,81.23,110.0,88.08,81.0,,2026-01-27 14:29:04.492905+08:00
2024-12-31,青松健康,6931,集中交易市場,初上市,美國標,2024-12-25,2024-12-27,4148,55.37,1,528,50,400,2025-01-15,福邦,323817350,5.0,819.0,9688.0,71.0,88.98,78.07,67.0,,2026-01-27 14:29:04.492905+08:00
2024-12-31,創泓科技,7714,櫃檯買賣,初上櫃,美國標,2024-12-25,2024-12-27,1612,72.5,1,209,50,400,2025-01-15,中國信託,138721480,5.0,481.0,3076.0,80.1,100.0,86.06,86.06,,2026-01-27 14:29:04.492905+08:00
2024-12-30,金興精密,7732,集中交易市場,初上市,美國標,2024-12-24,2024-12-26,4080,32.0,1,520,50,400,2025-01-14,福邦,172401030,5.0,952.0,16461.0,41.9,48.0,42.26,40.0,,2026-01-27 14:29:04.492905+08:00
2024-12-12,博盛半導體,7712,櫃檯買賣,初上櫃,美國標,2024-12-06,2024-12-10,2135,161.74,1,268,50,400,2024-12-26,兆豐,424411900,5.0,1107.0,6820.0,191.0,296.0,198.79,186.0,,2026-01-27 14:29:04.492905+08:00
2024-12-04,大井泵浦,6982,櫃檯買賣,初上櫃,美國標,2024-11-28,2024-12-02,3400,40.8,1,425,50,400,2024-12-18,華南永昌,182390510,5.0,2011.0,18975.0,52.01,118.0,53.64,51.0,,2026-01-27 14:29:04.492905+08:00
2024-12-02,明遠精密,7704,櫃檯買賣,初上櫃,美國標,2024-11-26,2024-11-28,2088,60.0,1,266,50,400,2024-12-16,凱基,173424530,5.0,1258.0,11383.0,79.06,100.0,83.06,69.0,,2026-01-27 14:29:04.492905+08:00
2024-12-02,全福生技,6885,集中交易市場,初上市,美國標,2024-11-26,2024-11-28,10521,30.16,1,1320,50,400,2024-12-16,元富,339949270,5.0,833.0,20700.0,30.3,112.0,32.31,32.31,,2026-01-27 14:29:04.492905+08:00
2024-12-02,博弘,6997,櫃檯買賣,初上櫃,美國標,2024-11-26,2024-11-28,1364,87.07,1,195,50,400,2024-12-16,元大,169544170,5.0,1500.0,12239.0,121.9,171.1,124.3,101.0,,2026-01-27 14:29:04.492905+08:00
2024-11-27,邦睿生技,6955,創新板,創新板初上市,美國標,2024-11-21,2024-11-25,1725,96.43,1,172,50,400,2024-12-06,第一金,209957380,5.0,424.0,5194.0,117.0,131.0,121.71,108.0,,2026-01-27 14:29:04.492905+08:00
2024-11-27,達運光電,8045,集中交易市場,初上市,美國標,2024-11-21,2024-11-25,7623,59.31,1,972,50,400,2024-12-11,華南永昌,547911610,5.0,1886.0,23135.0,68.0,100.0,71.88,68.8,,2026-01-27 14:29:04.492905+08:00
2024-11-26,力領科技,6996,櫃檯買賣,初上櫃,美國標,2024-11-20,2024-11-22,2593,181.82,1,334,50,400,2024-12-10,兆豐,623384950,5.0,2178.0,14052.0,233.2,258.5,240.41,200.0,,2026-01-27 14:29:04.492905+08:00
2024-11-21,LINEPAY,7722,集中交易市場,初上市,美國標,2024-11-15,2024-11-19,6080,409.68,1,782,50,400,2024-12-05,凱基,3206438610,5.0,3224.0,14985.0,488.0,710.0,527.37,508.0,,2026-01-27 14:29:04.492905+08:00
2024-11-20,久昌,6720,櫃檯買賣,初上櫃,美國標,2024-11-14,2024-11-18,2280,120.0,1,290,50,400,2024-12-04,中國信託,366043990,5.0,1358.0,8470.0,155.71,172.8,160.55,138.0,,2026-01-27 14:29:04.492905+08:00
2024-11-12,ITH-KY,6962,集中交易市場,第一上市初上市,美國標,2024-11-06,2024-11-08,28799,34.48,1,3700,50,400,2024-11-26,永豐金,1693216530,5.0,7631.0,140975.0,52.0,131.0,58.79,39.65,,2026-01-27 14:29:04.492905+08:00
2024-11-12,三商餐飲,7705,集中交易市場,初上市,美國標,2024-11-06,2024-11-08,4067,58.58,1,528,50,400,2024-11-26,國泰,347402750,5.0,4946.0,32128.0,83.88,117.0,85.42,70.88,,2026-01-27 14:29:04.492905+08:00
2024-11-01,全家餐飲,7708,櫃檯買賣,初上櫃,美國標,2024-10-25,2024-10-29,1700,62.07,1,232,50,400,2024-11-15,元大,164434670,5.0,7451.0,42262.0,94.17,152.0,96.73,72.0,,2026-01-27 14:29:04.492905+08:00
2024-10-29,銳澤,7703,櫃檯買賣,初上櫃,美國標,2024-10-23,2024-10-25,2140,107.14,1,272,50,400,2024-11-13,凱基,331559890,5.0,4707.0,25974.0,151.66,173.0,154.93,120.0,,2026-01-27 14:29:04.492905+08:00
2024-10-14,威力晹,6988,創新板,創新板初上市,美國標,2024-10-07,2024-10-09,2078,20.0,1,207,50,400,2024-10-23,兆豐,58697550,5.0,275.0,9347.0,27.33,35.0,28.25,25.0,,2026-01-27 14:29:04.492905+08:00
2024-10-11,星宇航空,2646,集中交易市場,初上市,美國標,2024-10-04,2024-10-08,319600,17.39,1,39950,50,400,2024-10-25,第一金,7440972870,4.25,32011.0,687938.0,21.63,100.0,23.28,20.0,,2026-01-27 14:29:04.492905+08:00
2024-10-08,三集瑞-KY,6862,集中交易市場,第一上市初上市,美國標,2024-10-02,2024-10-04,4079,108.0,1,520,50,400,2024-10-23,永豐金,789281950,5.0,4271.0,46253.0,184.0,246.8,193.5,135.0,,2026-01-27 14:29:04.492905+08:00
2024-10-08,全景軟體,8272,櫃檯買賣,初上櫃,美國標,2024-10-02,2024-10-04,1224,50.86,1,159,50,400,2024-10-23,富邦,105285380,5.0,1244.0,9176.0,80.85,168.8,86.02,59.0,,2026-01-27 14:29:04.492905+08:00
2024-09-18,康霈*,6919,集中交易市場,初上市,美國標,2024-09-11,2024-09-13,10080,364.54,1,1340,50,400,2024-10-02,元大,4780189340,3.8,3476.0,24757.0,442.0,560.0,474.23,433.8,,2026-01-27 14:29:04.492905+08:00
2024-09-16,鴻呈,6913,櫃檯買賣,初上櫃,美國標,2024-09-10,2024-09-12,2568,80.8,1,321,50,400,2024-10-01,兆豐,258670460,5.0,717.0,8441.0,96.89,106.5,100.73,100.73,,2026-01-27 14:29:04.492905+08:00
2024-09-11,漢田生技,1294,櫃檯買賣,初上櫃,美國標,2024-09-05,2024-09-09,1700,100.0,1,215,50,400,2024-09-26,中國信託,203641860,5.0,588.0,4879.0,115.0,192.88,119.79,118.0,,2026-01-27 14:29:04.492905+08:00
2024-09-10,汎瑋材料,6967,櫃檯買賣,初上櫃,美國標,2024-09-04,2024-09-06,1587,43.48,1,218,50,400,2024-09-25,凱基,93784810,5.0,719.0,8541.0,57.1,65.0,59.1,50.0,,2026-01-27 14:29:04.492905+08:00
2024-09-10,中台,6923,集中交易市場,初上市,美國標,2024-09-04,2024-09-06,6330,67.8,1,826,50,400,2024-09-25,元大,552821350,5.0,1228.0,23645.0,85.0,124.1,87.33,80.0,,2026-01-27 14:29:04.492905+08:00
2024-09-05,台特化,4772,櫃檯買賣,初上櫃,美國標,2024-08-30,2024-09-03,6800,88.0,1,850,50,400,2024-09-20,元大,938302280,5.0,3302.0,32001.0,132.31,150.0,137.99,110.0,,2026-01-27 14:29:04.492905+08:00
2024-08-27,王座,2751,櫃檯買賣,初上櫃,美國標,2024-08-21,2024-08-23,1872,60.0,1,239,50,400,2024-09-10,永豐金,134022040,5.0,582.0,4576.0,67.8,82.0,71.59,70.8,,2026-01-27 14:29:04.492905+08:00
2024-08-26,成信實業*,6969,創新板,創新板初上市,美國標,2024-08-20,2024-08-22,1379,27.83,1,202,50,400,2024-09-09,富邦,47618110,5.0,254.0,7869.0,32.5,42.0,34.53,32.0,,2026-01-27 14:29:04.492905+08:00
2024-08-19,竹陞科技,6739,櫃檯買賣,初上櫃,美國標,2024-08-13,2024-08-15,1904,68.18,1,243,50,400,2024-09-02,群益金鼎,227299170,5.0,1220.0,9227.0,111.13,137.0,119.38,75.0,,2026-01-27 14:29:04.492905+08:00
2024-08-06,日盛台駿,6958,集中交易市場,初上市,美國標,2024-07-31,2024-08-02,16000,26.09,1,2010,50,400,2024-08-20,台新,511114390,5.0,1240.0,34105.0,29.5,40.0,31.94,30.0,,2026-01-27 14:29:04.492905+08:00
2024-07-31,萬達寵物,6968,櫃檯買賣,初上櫃,美國標,2024-07-25,2024-07-29,2686,53.97,1,338,50,400,2024-08-14,福邦,209665740,5.0,908.0,13709.0,75.2,101.0,78.06,68.0,,2026-01-27 14:29:04.492905+08:00
2024-07-30,台新藥,6838,集中交易市場,初上市,美國標,2024-07-22,2024-07-26,12096,30.0,1,1522,50,400,2024-08-13,凱基,462734520,5.0,1487.0,35278.0,34.88,54.0,38.26,36.0,,2026-01-27 14:29:04.492905+08:00
2024-07-11,樂意,7584,櫃檯買賣,初上櫃,美國標,2024-07-05,2024-07-09,1318,62.5,1,174,50,400,2024-07-25,元富,146419710,5.0,1869.0,12834.0,108.16,121.32,111.09,75.0,,2026-01-27 14:29:04.492905+08:00
2024-06-18,鈺寶,3150,創新板,創新板初上市,美國標,2024-06-12,2024-06-14,2250,28.63,1,235,50,400,2024-06-27,福邦,86241770,5.0,478.0,9016.0,36.25,50.5,38.33,33.5,,2026-01-27 14:29:04.492905+08:00
2024-06-11,裕慶-KY,6957,集中交易市場,第一上市初上市,美國標,2024-06-04,2024-06-06,4422,120.0,1,552,50,400,2024-06-25,中國信託,816694920,5.0,1073.0,10304.0,168.28,224.4,184.69,138.0,,2026-01-27 14:29:04.492905+08:00
2024-06-06,青新,6951,創新板,創新板初上市,美國標,2024-05-31,2024-06-04,5100,43.27,1,510,50,400,2024-06-18,第一金,272029940,4.0,491.0,7118.0,48.0,70.0,53.34,45.0,,2026-01-27 14:29:04.492905+08:00
2024-06-03,共信-KY,6617,櫃檯買賣,第一上櫃初上櫃,美國標,2024-05-28,2024-05-30,10203,125.66,1,1285,50,400,2024-06-18,台新綜合證券,1440239870,5.0,1805.0,12799.0,125.66,200.0,141.16,141.16,,2026-01-27 14:29:04.492905+08:00
2024-06-03,醫影,6637,櫃檯買賣,初上櫃,美國標,2024-05-28,2024-05-30,1945,60.0,1,243,50,400,2024-06-18,富邦,164051890,5.0,1004.0,6907.0,81.3,91.5,84.35,66.0,,2026-01-27 14:29:04.492905+08:00
2024-05-29,大武山,6952,集中交易市場,初上市,美國標,2024-05-23,2024-05-27,5468,50.0,1,688,50,400,2024-06-13,台新綜合證券,312374440,5.0,665.0,8576.0,50.11,171.0,57.13,57.13,,2026-01-27 14:29:04.492905+08:00
2024-05-28,來億-KY,6890,集中交易市場,第一上市初上市,美國標,2024-05-22,2024-05-24,19991,77.27,1,2509,50,400,2024-06-12,富邦證券,2504959130,5.0,3179.0,53552.0,110.0,298.0,125.3,85.0,,2026-01-27 14:29:04.492905+08:00
2024-05-28,巨漢,6903,櫃檯買賣,初上櫃,美國標,2024-05-22,2024-05-24,4375,133.63,1,556,50,400,2024-06-12,富邦,767572750,5.0,1615.0,10578.0,168.6,200.0,175.45,151.0,,2026-01-27 14:29:04.492905+08:00
2024-05-10,向榮生技,6794,創新板,創新板初上市,美國標,2024-05-06,2024-05-08,2273,50.0,1,261,50,400,2024-05-21,宏遠證券,158390640,5.0,254.0,5564.0,67.0,74.0,69.68,58.0,,2026-01-27 14:29:04.492905+08:00
2024-05-08,平和環保,6771,創新板,創新板初上市,美國標,2024-05-02,2024-05-06,1700,47.83,1,170,50,400,2024-05-17,福邦證券,116723510,5.0,491.0,8229.0,65.0,75.0,68.66,55.0,,2026-01-27 14:29:04.492905+08:00
2024-05-07,潤德,6881,櫃檯買賣,初上櫃,美國標,2024-04-30,2024-05-03,1020,129.92,1,127,50,400,2024-05-21,第一金,199025200,5.0,562.0,3645.0,195.1,199.0,195.12,165.0,,2026-01-27 14:29:04.492905+08:00
2024-05-06,億而得,6423,創新板,創新板初上市,美國標,2024-04-29,2024-05-02,2354,60.0,1,235,50,400,2024-05-15,兆豐,215371120,5.0,379.0,4486.0,78.98,111.55,91.49,75.0,,2026-01-27 14:29:04.492905+08:00
2024-05-02,攸泰科技,6928,集中交易市場,初上市,美國標,2024-04-25,2024-04-29,7920,54.62,1,990,50,400,2024-05-16,福邦證券,671262620,5.0,1269.0,17939.0,79.3,106.4,84.76,65.0,,2026-01-27 14:29:04.492905+08:00
2024-04-26,巧新,1563,集中交易市場,初上市,美國標,2024-04-22,2024-04-24,16000,62.5,1,2005,50,400,2024-05-13,凱基,1193454650,4.4,2377.0,50280.0,71.91,270.22,74.59,70.0,,2026-01-27 14:29:04.492905+08:00
2024-04-26,家碩,6953,櫃檯買賣,初上櫃,美國標,2024-04-22,2024-04-24,1848,188.52,1,231,50,400,2024-05-13,元大,508212420,5.0,1506.0,16790.0,270.0,300.0,275.01,216.8,,2026-01-27 14:29:04.492905+08:00
2024-04-25,有成精密,4949,集中交易市場,初上市,美國標,2024-04-18,2024-04-22,4176,20.0,1,522,50,400,2024-05-09,福邦證券,119574700,5.0,644.0,12282.0,26.5,54.0,28.63,24.0,,2026-01-27 14:29:04.492905+08:00
2024-04-18,阜爾運通,6914,集中交易市場,初上市,美國標,2024-04-12,2024-04-16,4076,120.0,1,519,50,400,2024-05-03,中國信託,765296420,5.0,1612.0,12644.0,181.9,220.1,187.76,132.0,,2026-01-27 14:29:04.492905+08:00
2024-03-21,創為精密,6899,櫃檯買賣,初上櫃,美國標,2024-03-15,2024-03-19,2611,43.1,1,336,50,400,2024-04-08,凱基證券,174345000,5.0,1461.0,17916.0,65.66,125.0,66.77,50.0,,2026-01-27 14:29:04.492905+08:00
2024-03-15,愛爾達,8487,創新板,創新板初上市,美國標,2024-03-11,2024-03-13,1350,45.45,1,135,50,400,2024-03-26,宏遠證券,100527510,5.0,567.0,8164.0,71.25,98.4,74.46,50.0,,2026-01-27 14:29:04.492905+08:00
2024-03-14,佑全,6929,櫃檯買賣,初上櫃,美國標,2024-03-08,2024-03-12,2904,55.09,1,363,50,400,2024-03-28,台新綜合證券,250047240,5.0,1136.0,13544.0,83.0,99.5,86.1,65.01,,2026-01-27 14:29:04.492905+08:00
2024-03-12,國邑*,6875,櫃檯買賣,初上櫃,美國標,2024-03-06,2024-03-08,8024,54.17,1,1033,50,400,2024-03-26,國泰綜合證券,719463710,5.0,2299.0,24915.0,85.0,106.11,89.66,65.0,,2026-01-27 14:29:04.492905+08:00
2024-03-12,眾福科,3168,集中交易市場,初上市,美國標,2024-03-06,2024-03-08,6264,42.02,1,783,50,400,2024-03-26,福邦證券,386895410,5.0,1469.0,18101.0,59.6,83.5,61.76,50.0,,2026-01-27 14:29:04.492905+08:00
2024-03-06,米斯特,2941,櫃檯買賣,初上櫃,美國標,2024-02-29,2024-03-04,1008,65.0,1,127,50,400,2024-03-20,國泰綜合證券,94625670,5.0,776.0,5883.0,91.0,123.0,93.87,78.0,,2026-01-27 14:29:04.492905+08:00
2024-03-04,安倉,5548,櫃檯買賣,初上櫃,美國標,2024-02-26,2024-02-29,2516,18.02,1,314,50,400,2024-03-18,福邦證券,80857700,5.0,1132.0,13932.0,30.1,38.8,32.14,20.0,,2026-01-27 14:29:04.492905+08:00
2024-03-04,望隼,4771,集中交易市場,初上市,美國標,2024-02-26,2024-02-29,3540,155.17,1,462,50,400,2024-03-18,凱基證券股份,922202500,5.0,3313.0,23525.0,255.22,300.0,260.51,180.0,,2026-01-27 14:29:04.492905+08:00
2024-02-26,微矽電子,8162,創新板,創新板初上市,美國標,2024-02-20,2024-02-22,3436,32.41,1,343,50,400,2024-03-07,兆豐證券股份,140029080,5.0,535.0,10915.0,38.5,49.7,40.75,35.0,,2026-01-27 14:29:04.492905+08:00
2024-02-22,諾貝兒,6844,櫃檯買賣,初上櫃,美國標,2024-02-16,2024-02-20,2034,134.92,1,257,50,400,2024-03-08,台新綜合證券,394420950,5.0,1901.0,12541.0,189.1,218.0,193.91,170.0,,2026-01-27 14:29:04.492905+08:00
2024-01-19,進能服,6692,櫃檯買賣,初上櫃,美國標,2024-01-15,2024-01-17,4156,24.0,1,597,50,400,2024-02-02,統一綜合證券,130578640,5.0,987.0,21156.0,30.6,37.0,31.42,30.0,,2026-01-27 14:29:04.492905+08:00
2024-01-15,玖鼎電力,4588,集中交易市場,初上市,美國標,2024-01-09,2024-01-11,2652,41.71,1,331,50,400,2024-01-29,富邦綜合證券,168865230,5.0,1890.0,18475.0,61.71,158.0,63.67,45.88,,2026-01-27 14:29:04.492905+08:00
2024-01-10,世界健身-KY,2762,集中交易市場,第一上市初上市,美國標,2024-01-04,2024-01-08,8999,114.78,1,1135,50,400,2024-01-24,永豐金證券,1209932570,5.0,1307.0,11959.0,118.2,211.0,134.45,132.0,,2026-01-27 14:29:04.492905+08:00
2024-01-10,昱展新藥,6785,櫃檯買賣,初上櫃,美國標,2024-01-04,2024-01-08,7056,125.0,1,882,50,400,2024-01-24,中國信託綜合,1267329160,5.0,2295.0,18833.0,174.88,195.0,179.61,150.0,,2026-01-27 14:29:04.492905+08:00
2025-12-18,矽科宏晟,6725,櫃檯買賣,初上櫃,美國標,2025-12-12,2025-12-16,2974,160.68,1,381,50,400,2025-12-30,台新,642842620,5.0,2477.0,15886.0,210.0,295.0,216.15,188.0,,2026-01-27 14:29:05.771565+08:00
2025-12-12,漢達,6620,櫃檯買賣,初上櫃,美國標,2025-12-08,2025-12-10,8000,72.33,1,1035,50,400,2025-12-23,第一金,674657590,5.0,1232.0,14558.0,78.0,106.5,84.33,84.33,,2026-01-27 14:29:05.771565+08:00
2025-12-12,捷創科技,7810,櫃檯買賣,初上櫃,美國標,2025-12-08,2025-12-10,1620,68.0,1,202,50,400,2025-12-23,永豐金,223370160,5.0,2148.0,11126.0,129.28,635.0,137.88,85.0,,2026-01-27 14:29:05.771565+08:00
2025-12-11,能率亞洲,7777,櫃檯買賣,初上櫃,美國標,2025-12-05,2025-12-09,10200,15.0,1,1290,50,400,2025-12-22,第一金,224501500,5.0,1673.0,31746.0,20.1,28.85,22.01,18.0,,2026-01-27 14:29:05.771565+08:00
2025-12-11,驊陞,6272,集中交易市場,初上市,美國標,2025-12-05,2025-12-09,6552,32.0,1,860,50,400,2025-12-22,宏遠,286584540,5.0,1531.0,24087.0,42.1,52.5,43.74,40.0,,2026-01-27 14:29:05.771565+08:00
2025-12-11,威聯通,7805,櫃檯買賣,初上櫃,美國標,2025-12-05,2025-12-09,2031,465.0,1,263,50,400,2025-12-22,元大,1345531270,5.0,2338.0,8479.0,630.01,749.3,662.5,558.0,,2026-01-27 14:29:05.771565+08:00
2025-12-11,傑霖科技,8102,櫃檯買賣,初上櫃,美國標,2025-12-05,2025-12-09,1438,45.0,1,189,50,400,2025-12-22,兆豐,86139700,5.0,660.0,8550.0,57.0,86.0,59.9,53.1,,2026-01-27 14:29:05.771565+08:00
2025-12-08,海柏特,6884,櫃檯買賣,初上櫃,美國標,2025-12-02,2025-12-04,1483,30.0,1,195,50,400,2025-12-17,福邦,65080500,5.0,1160.0,11772.0,41.6,51.5,43.88,33.0,,2026-01-27 14:29:05.771565+08:00
2025-12-02,德鴻,6910,櫃檯買賣,初上櫃,美國標,2025-11-26,2025-11-28,2443,26.05,1,310,50,400,2025-12-11,中國信託,85633790,5.0,890.0,12133.0,33.12,42.6,35.05,31.0,,2026-01-27 14:29:05.771565+08:00
2025-12-01,常廣,6730,櫃檯買賣,初上櫃,美國標,2025-11-25,2025-11-27,2912,27.35,1,374,50,400,2025-12-10,第一金,102855050,5.0,802.0,11546.0,34.48,43.65,35.32,32.0,,2026-01-27 14:29:05.771565+08:00
2025-12-01,君曜,7770,櫃檯買賣,初上櫃,美國標,2025-11-25,2025-11-27,1966,48.06,1,245,50,400,2025-12-10,永豐金,114817420,5.0,549.0,4638.0,54.6,70.0,58.4,58.4,,2026-01-27 14:29:05.771565+08:00
2025-12-01,仁大資訊,7767,櫃檯買賣,初上櫃,美國標,2025-11-25,2025-11-27,2535,32.8,1,321,50,400,2025-12-10,中國信託,120924520,5.0,1141.0,13328.0,44.05,60.1,47.7,41.0,,2026-01-27 14:29:05.771565+08:00
2025-11-18,崴寶,7744,櫃檯買賣,初上櫃,美國標,2025-11-12,2025-11-14,2244,233.33,1,322,50,400,2025-11-27,元富,631168200,5.0,1177.0,5500.0,264.1,333.5,281.27,280.0,,2026-01-27 14:29:05.771565+08:00
2025-11-18,鴻勁,7769,集中交易市場,初上市,美國標,2025-11-12,2025-11-14,13198,1196.0,1,1649,50,400,2025-11-27,元大,26796868910,4.0,10161.0,40702.0,1930.0,2285.0,2030.37,1495.0,,2026-01-27 14:29:05.771565+08:00
2025-11-14,華豫寧,6474,櫃檯買賣,初上櫃,美國標,2025-11-06,2025-11-10,4208,26.5,1,536,50,400,2025-11-25,台新,145180310,5.0,558.0,16667.0,32.7,39.2,34.5,31.8,,2026-01-27 14:29:05.771565+08:00
2025-11-14,邁科,6831,集中交易市場,初上市,美國標,2025-11-06,2025-11-10,5400,100.0,1,696,50,400,2025-11-25,宏遠,741856120,5.0,1291.0,12597.0,130.0,163.0,137.38,120.0,,2026-01-27 14:29:05.771565+08:00
2025-11-14,資拓宏宇,6614,集中交易市場,初上市,美國標,2025-11-07,2025-11-11,5254,38.98,1,696,50,400,2025-11-25,台新,243757190,5.0,782.0,21145.0,39.89,62.0,46.39,46.0,,2026-01-27 14:29:05.771565+08:00
2025-11-10,永擎,7711,集中交易市場,初上市,美國標,2025-11-04,2025-11-06,6365,252.83,1,795,50,400,2025-11-19,元大,2131970990,5.0,2423.0,12407.0,298.1,410.0,334.95,268.0,,2026-01-27 14:29:05.771565+08:00
2025-11-07,東方風能,7786,集中交易市場,初上市,美國標,2025-11-03,2025-11-05,13536,150.0,1,1702,50,400,2025-11-18,永豐金,2281971110,5.0,1936.0,14988.0,150.0,230.0,168.59,168.0,,2026-01-27 14:29:05.771565+08:00
2025-11-06,嘉實,3158,櫃檯買賣,初上櫃,美國標,2025-10-31,2025-11-04,2520,68.38,1,318,50,400,2025-11-17,群益金鼎,250894850,5.0,1416.0,12053.0,95.68,111.11,99.56,80.0,,2026-01-27 14:29:05.771565+08:00
2025-11-06,萊德光電-KY,7717,櫃檯買賣,第一上櫃初上櫃,美國標,2025-10-31,2025-11-04,1987,70.0,1,250,50,400,2025-11-17,中國信託,262970210,5.0,1387.0,13594.0,121.12,228.88,132.35,77.0,,2026-01-27 14:29:05.771565+08:00
2025-10-23,暉盛,7730,創新板,創新板初上市,美國標,2025-10-16,2025-10-20,1841,67.92,1,193,50,400,2025-11-04,福邦,187556850,5.0,1154.0,10071.0,96.1,121.5,101.88,72.0,,2026-01-27 14:29:05.771565+08:00
2025-10-16,皇家可口,7791,集中交易市場,初上市,美國標,2025-10-09,2025-10-14,7200,62.61,1,944,50,400,2025-10-28,凱基,588825000,5.0,2238.0,27429.0,78.0,94.1,81.78,72.0,,2026-01-27 14:29:05.771565+08:00
2025-10-16,昱臺國際,7716,櫃檯買賣,初上櫃,美國標,2025-10-09,2025-10-14,1800,18.75,1,230,50,400,2025-10-28,中國信託,46111090,5.0,786.0,13388.0,24.8,29.91,25.62,21.0,,2026-01-27 14:29:05.771565+08:00
2025-10-16,光速火箭,7782,櫃檯買賣,初上櫃,美國標,2025-10-09,2025-10-14,1430,25.0,1,195,50,400,2025-10-28,元富,49120420,5.0,588.0,7959.0,33.3,37.6,34.35,32.5,,2026-01-27 14:29:05.771565+08:00
2025-10-08,金色三麥,7757,櫃檯買賣,初上櫃,美國標,2025-10-01,2025-10-03,1484,90.18,1,200,50,400,2025-10-20,富邦,194816090,5.0,2806.0,14200.0,128.56,145.0,131.28,101.0,,2026-01-27 14:29:05.771565+08:00
2025-10-03,東聯互動,7738,櫃檯買賣,初上櫃,美國標,2025-09-26,2025-10-01,1700,138.84,1,213,50,400,2025-10-16,永豐金,345935820,5.0,3218.0,14678.0,200.1,217.0,203.49,168.0,,2026-01-27 14:29:05.771565+08:00
2025-10-03,松川精密,7788,集中交易市場,初上市,美國標,2025-09-26,2025-10-01,5064,82.61,1,643,50,400,2025-10-16,元大,628378090,5.0,3410.0,21899.0,118.68,150.0,124.09,95.0,,2026-01-27 14:29:05.771565+08:00
2025-09-22,惠民實業,6971,櫃檯買賣,初上櫃,美國標,2025-09-16,2025-09-18,2380,28.0,1,307,50,400,2025-10-02,永豐金,93609590,5.0,2135.0,22786.0,38.01,69.71,39.33,32.2,,2026-01-27 14:29:05.771565+08:00
2025-09-17,達明,4585,集中交易市場,初上市,美國標,2025-09-11,2025-09-15,9216,200.0,1,1232,50,400,2025-09-26,元大,3999659150,5.0,7149.0,22947.0,351.0,620.0,433.99,238.0,,2026-01-27 14:29:05.771565+08:00
2025-09-08,新代,7750,集中交易市場,初上市,美國標,2025-09-02,2025-09-04,4551,525.0,1,583,50,400,2025-09-17,台新,3676318530,5.0,4254.0,13664.0,776.0,968.0,807.8,630.0,,2026-01-27 14:29:05.771565+08:00
2025-09-04,禾榮科,7799,集中交易市場,初上市,美國標,2025-08-29,2025-09-02,11375,582.52,1,1421,50,400,2025-09-15,富邦,8200557070,5.0,4214.0,17384.0,668.88,873.0,720.93,600.0,,2026-01-27 14:29:05.771565+08:00
2025-08-29,聯友金屬,7610,創新板,創新板初上市,美國標,2025-08-25,2025-08-27,4930,43.86,1,566,50,400,2025-09-09,福邦,512712320,5.0,2373.0,22971.0,88.52,170.0,104.0,50.0,,2026-01-27 14:29:05.771565+08:00
2025-08-29,振大環球,4441,集中交易市場,初上市,美國標,2025-08-25,2025-08-27,5472,178.0,1,694,50,400,2025-09-09,福邦,1268621300,5.0,2189.0,22910.0,228.0,444.1,231.84,190.46,,2026-01-27 14:29:05.771565+08:00
2025-08-29,大研生醫,7780,集中交易市場,初上市,美國標,2025-08-25,2025-08-27,15120,147.66,1,2173,50,400,2025-09-09,凱基,3386485340,5.0,3296.0,27610.0,161.0,346.0,223.97,158.0,,2026-01-27 14:29:05.771565+08:00
2025-08-28,中華資安,7765,集中交易市場,初上市,美國標,2025-08-22,2025-08-26,2505,203.42,1,313,50,400,2025-09-08,元大,751433480,5.0,3148.0,17055.0,297.0,326.0,299.97,238.0,,2026-01-27 14:29:05.771565+08:00
2025-08-15,竑騰,7751,櫃檯買賣,初上櫃,美國標,2025-08-11,2025-08-13,1685,288.0,1,213,50,400,2025-08-26,台新,703093140,5.0,2660.0,11533.0,411.62,450.0,417.27,360.0,,2026-01-27 14:29:05.771565+08:00
2025-08-12,友霖,4166,櫃檯買賣,初上櫃,美國標,2025-08-06,2025-08-08,13600,22.4,1,1710,50,400,2025-08-21,元富,389366910,5.0,1410.0,27782.0,26.8,42.8,28.63,28.0,,2026-01-27 14:29:05.771565+08:00
2025-07-31,星亞,7753,櫃檯買賣,初上櫃,美國標,2025-07-23,2025-07-25,1972,38.79,1,256,50,400,2025-08-11,凱基,107305490,5.0,1367.0,12971.0,53.2,60.0,54.41,45.0,,2026-01-27 14:29:05.771565+08:00
2025-07-28,凌航,3135,集中交易市場,初上市,美國標,2025-07-22,2025-07-24,6202,22.95,1,825,50,400,2025-08-06,統一,191629360,5.0,1596.0,30042.0,30.0,39.0,30.9,28.0,,2026-01-27 14:29:05.771565+08:00
2025-07-18,微程式,7721,集中交易市場,初上市,美國標,2025-07-14,2025-07-16,3613,43.8,1,461,50,400,2025-07-29,富邦,251405230,5.0,1909.0,20702.0,67.0,90.0,69.58,53.0,,2026-01-27 14:29:05.771565+08:00
2025-07-18,碩網,7547,櫃檯買賣,初上櫃,美國標,2025-07-14,2025-07-16,2624,50.0,1,327,50,400,2025-07-29,永豐金,250628520,5.0,2602.0,19282.0,93.0,104.35,95.51,60.0,,2026-01-27 14:29:05.771565+08:00
2025-07-02,昕奇雲端,7747,櫃檯買賣,初上櫃,美國標,2025-06-26,2025-06-30,2584,82.76,1,333,50,400,2025-07-11,凱基,354608550,5.0,3252.0,22156.0,134.01,150.0,137.23,96.0,,2026-01-27 14:29:05.771565+08:00
2025-06-05,熙特爾,7740,創新板,創新板初上市,美國標,2025-05-29,2025-06-03,2720,130.0,1,272,50,400,2025-06-16,永豐金,483225350,5.0,1338.0,6765.0,170.28,200.0,177.66,149.5,,2026-01-27 14:29:05.771565+08:00
2025-06-04,意騰-KY,7749,集中交易市場,第一上市初上市,美國標,2025-05-28,2025-06-02,3719,297.3,1,464,50,400,2025-06-13,元大,1620692780,5.0,2792.0,23804.0,404.44,680.0,435.79,330.0,,2026-01-27 14:29:05.771565+08:00
2025-05-29,愛派司,6918,集中交易市場,初上市,美國標,2025-05-23,2025-05-27,2788,62.5,1,358,50,400,2025-06-10,統一,237619320,5.0,1912.0,14505.0,83.0,92.0,85.23,75.0,,2026-01-27 14:29:05.771565+08:00
2025-05-19,意藍,6925,櫃檯買賣,初上櫃,美國標,2025-05-13,2025-05-15,1645,39.48,1,210,50,400,2025-05-28,凱基,86704470,5.0,1013.0,13273.0,50.55,115.0,52.71,45.8,,2026-01-27 14:29:05.771565+08:00
2025-05-19,兆聯實業,6944,集中交易市場,初上市,美國標,2025-05-13,2025-05-15,4911,225.86,1,613,50,400,2025-05-28,富邦,1564789380,5.0,3764.0,21959.0,310.0,368.0,318.63,262.0,,2026-01-27 14:29:05.771565+08:00
2025-05-16,生合,1295,櫃檯買賣,初上櫃,美國標,2025-05-12,2025-05-14,2122,46.31,1,268,50,400,2025-05-27,台新,125838590,5.0,1047.0,12180.0,57.8,68.0,59.3,56.5,,2026-01-27 14:29:05.771565+08:00
2025-05-13,昶瑞機電,7642,櫃檯買賣,初上櫃,美國標,2025-05-07,2025-05-09,2483,58.05,1,335,50,400,2025-05-22,富邦,181493290,5.0,1068.0,13229.0,71.11,100.0,73.09,66.18,,2026-01-27 14:29:05.771565+08:00
2025-05-12,創控,6909,集中交易市場,初上市,美國標,2025-05-06,2025-05-08,4135,25.0,1,516,50,400,2025-05-21,國泰,153764300,5.0,1060.0,12603.0,34.5,58.7,37.19,32.0,,2026-01-27 14:29:05.771565+08:00
2025-05-09,金利食安,7743,櫃檯買賣,初上櫃,美國標,2025-05-05,2025-05-07,2246,25.0,1,283,50,400,2025-05-20,凱基,73044260,5.0,775.0,10468.0,30.7,37.01,32.52,28.0,,2026-01-27 14:29:05.771565+08:00
2025-05-09,久禾光,6498,櫃檯買賣,初上櫃,美國標,2025-05-05,2025-05-07,3808,60.0,1,491,50,400,2025-05-20,宏遠,288397270,5.0,949.0,14380.0,72.5,84.1,75.73,72.0,,2026-01-27 14:29:05.771565+08:00
2025-04-28,立誠,6597,櫃檯買賣,初上櫃,美國標,2025-04-22,2025-04-24,2516,76.8,1,319,50,400,2025-05-08,福邦,217821590,2.5,547.0,6651.0,79.01,102.0,86.57,86.57,,2026-01-27 14:29:05.771565+08:00
2025-04-21,築間,7723,櫃檯買賣,初上櫃,美國標,2025-04-15,2025-04-17,3251,40.18,1,416,50,400,2025-04-30,凱基,150971040,5.0,668.0,11813.0,45.0,60.0,46.44,45.0,,2026-01-27 14:29:05.771565+08:00
2025-04-17,永鴻生技,6936,集中交易市場,初上市,美國標,2025-04-11,2025-04-15,4623,24.15,1,664,50,400,2025-04-28,富邦,156385070,5.0,1270.0,21439.0,31.1,45.0,33.83,28.01,,2026-01-27 14:29:05.771565+08:00
2025-03-11,台灣精材,3467,櫃檯買賣,初上櫃,美國標,2025-03-05,2025-03-07,1972,28.0,1,256,50,400,2025-03-25,元大,117441650,5.0,1848.0,18036.0,56.0,111.99,59.55,35.0,,2026-01-27 14:29:05.771565+08:00
2025-03-04,友鋮,7718,櫃檯買賣,初上櫃,美國標,2025-02-25,2025-02-27,3713,33.06,1,474,50,400,2025-03-18,富邦,187313040,5.0,1711.0,21213.0,49.11,81.41,50.45,40.0,,2026-01-27 14:29:05.771565+08:00
2025-03-04,聚賢研發,7631,創新板,創新板初上市,美國標,2025-02-25,2025-02-27,2700,56.0,1,270,50,400,2025-03-13,宏遠,224371220,5.0,1058.0,15280.0,81.33,112.0,83.1,70.0,,2026-01-27 14:29:05.771565+08:00
2025-03-04,虎山,7736,集中交易市場,初上市,美國標,2025-02-25,2025-02-27,4931,68.69,1,636,50,400,2025-03-18,元大,555074890,5.0,2463.0,27404.0,110.0,168.0,112.57,83.8,,2026-01-27 14:29:05.771565+08:00
2025-02-26,華勝-KY ,2248,集中交易市場,第一上市初上市,美國標,2025-02-20,2025-02-24,3808,46.3,1,547,50,400,2025-03-13,國票,231374610,5.0,1577.0,17319.0,58.8,85.1,60.76,50.0,,2026-01-27 14:29:05.771565+08:00
2025-02-21,寶綠特-KY,6887,集中交易市場,第一上市初上市,美國標,2025-02-17,2025-02-19,5915,52.0,1,749,50,400,2025-03-10,台新,537483460,5.0,1927.0,34354.0,83.1,135.0,90.87,65.0,,2026-01-27 14:29:05.771565+08:00
2025-02-20,浩宇生醫,6872,櫃檯買賣,初上櫃,美國標,2025-02-14,2025-02-18,5658,18.0,1,727,50,400,2025-03-07,元富,157930290,5.0,1366.0,22250.0,26.0,138.8,27.91,23.4,,2026-01-27 14:29:05.771565+08:00
2025-02-20,中傑-KY,6965,集中交易市場,第一上市初上市,美國標,2025-02-14,2025-02-18,12471,100.0,1,1559,40,400,2025-03-07,中國信託,2467341340,5.0,7587.0,75892.0,185.12,263.0,197.85,128.0,,2026-01-27 14:29:05.771565+08:00
2025-02-19,光焱科技,7728,櫃檯買賣,初上櫃,美國標,2025-02-13,2025-02-17,1109,200.0,1,141,50,400,2025-03-06,台新,358984020,5.0,2058.0,8162.0,310.68,370.55,323.7,220.0,,2026-01-27 14:29:05.771565+08:00
2025-02-12,印能科技,7734,櫃檯買賣,初上櫃,美國標,2025-02-06,2025-02-10,1531,1050.42,1,191,50,400,2025-02-26,台新,2180556240,5.0,2028.0,4855.0,1351.5,1631.0,1424.27,1250.0,,2026-01-27 14:29:05.771565+08:00
2025-02-11,榮田,7709,櫃檯買賣,初上櫃,美國標,2025-02-05,2025-02-07,3129,39.82,1,394,50,400,2025-02-25,台新,164478170,5.0,1580.0,18717.0,51.0,62.0,52.57,45.0,,2026-01-27 14:29:05.771565+08:00
2025-02-10,威力德生醫,7713,櫃檯買賣,初上櫃,美國標,2025-02-04,2025-02-06,2808,50.0,1,356,50,400,2025-02-24,台新,181142920,5.0,1245.0,11103.0,62.0,71.4,64.51,55.0,,2026-01-27 14:29:05.771565+08:00
2025-01-03,新應材,4749,櫃檯買賣,初上櫃,美國標,2024-12-27,2024-12-31,7406,410.26,1,925,50,400,2025-01-17,兆豐,4347847990,5.0,3703.0,19939.0,570.0,661.0,587.07,480.0,,2026-01-27 14:29:05.771565+08:00
2026-01-13,旅天下,6961,櫃檯買賣,初上櫃,美國標,2026-01-07,2026-01-09,2176,46.61,1,282,50,400,2026-01-22,福邦,132678690,5.0,862.0,5869.0,58.3,67.89,60.97,55.0,,2026-01-27 14:29:07.979738+08:00
2026-01-13,大東電,1623,集中交易市場,初上市,美國標,2026-01-07,2026-01-09,4320,150.4,1,555,50,400,2026-01-22,國泰,993720100,5.0,2984.0,16158.0,224.51,253.68,230.03,188.0,,2026-01-27 14:29:07.979738+08:00
2026-01-07,輝創,6722,集中交易市場,初上市,美國標,2025-12-31,2026-01-05,7072,33.06,1,914,50,400,2026-01-16,富邦,312385180,5.0,1416.0,14977.0,41.96,140.0,44.17,40.0,,2026-01-27 14:29:07.979738+08:00
2026-01-07,長廣,7795,集中交易市場,初上市,美國標,2025-12-31,2026-01-05,5760,105.93,1,828,50,400,2026-01-16,元大,1086056750,5.0,3400.0,25530.0,182.11,210.0,188.55,125.0,,2026-01-27 14:29:07.979738+08:00
2026-01-20 00:00:00,雅特力-KY,6907,櫃檯買賣,第一上櫃初上櫃,美國標,2026-01-14 00:00:00,2026-01-16 00:00:00,7919,24.0,1,990,50,400,2026-01-29,宏遠,305293110,5,1220.0,24248.0,33.11,73.4,38.55,30.0000,,2026-01-31 09:13:08.563432+08:00
2026-01-20 00:00:00,富田,4590,創新板,創新板初上市,美國標,2026-01-14 00:00:00,2026-01-16 00:00:00,2975,54.05,1,306,50,400,2026-01-29,中國信託,232394320,5,1062.0,9096.0,74.69,130.0,78.12,60.0000,,2026-01-31 09:13:08.563432+08:00
2026-01-19 00:00:00,安葆,7792,櫃檯買賣,初上櫃,美國標,2026-01-13 00:00:00,2026-01-15 00:00:00,2873,113.39,1,395,50,400,2026-01-28,元大,604581570,5,4345.0,31104.0,206.8,268.0,210.44,133.8000,,2026-01-31 09:13:08.563432+08:00
